NOC,Sport,Unnamed: 0,count
AUS,Archery,1215,7
AUT,Archery,1216,1
AZE,Archery,1217,1
BAN,Archery,1218,1
BEL,Archery,1219,1
BHU,Archery,1220,1
BLR,Archery,1221,1
BRA,Archery,1222,12
CAN,Archery,1223,2
CHI,Archery,1224,1
CHN,Archery,1225,12
CIV,Archery,1226,1
COL,Archery,1227,7
CUB,Archery,1228,1
DOM,Archery,1229,1
EGY,Archery,1230,2
ESP,Archery,1231,7
EST,Archery,1232,1
FIJ,Archery,1233,1
FIN,Archery,1234,2
FRA,Archery,1235,6
GBR,Archery,1236,2
GEO,Archery,1237,6
GER,Archery,1238,2
GRE,Archery,1239,1
INA,Archery,1240,7
IND,Archery,1241,7
IRI,Archery,1242,1
ITA,Archery,1243,12
JPN,Archery,1244,7
KAZ,Archery,1245,2
KEN,Archery,1246,1
KOR,Archery,1247,12
LBA,Archery,1248,1
MAS,Archery,1249,6
MAW,Archery,1250,1
MDA,Archery,1251,1
MEX,Archery,1252,7
MGL,Archery,1253,1
MYA,Archery,1254,1
NED,Archery,1255,6
NEP,Archery,1256,1
NOR,Archery,1257,1
POL,Archery,1258,1
PRK,Archery,1259,1
RUS,Archery,1260,6
SVK,Archery,1261,2
SWE,Archery,1262,1
TGA,Archery,1263,2
THA,Archery,1264,1
TPE,Archery,1265,12
TUR,Archery,1266,2
UKR,Archery,1267,7
USA,Archery,1268,7
VEN,Archery,1269,2
ZIM,Archery,1270,1
AFG,Athletics,3778,2
ALB,Athletics,3779,2
ALG,Athletics,3780,16
AND,Athletics,3781,1
ANG,Athletics,3782,2
ANT,Athletics,3783,7
ARG,Athletics,3784,13
ARM,Athletics,3785,5
ASA,Athletics,3786,2
AUS,Athletics,3787,65
AUT,Athletics,3788,6
AZE,Athletics,3789,4
BAH,Athletics,3790,31
BAN,Athletics,3791,2
BAR,Athletics,3792,8
BDI,Athletics,3793,7
BEL,Athletics,3794,27
BEN,Athletics,3795,2
BER,Athletics,3796,2
BIH,Athletics,3797,5
BIZ,Athletics,3798,2
BLR,Athletics,3799,36
BOL,Athletics,3800,6
BOT,Athletics,3801,11
BRA,Athletics,3802,72
BRN,Athletics,3803,29
BRU,Athletics,3804,2
BUL,Athletics,3805,12
BUR,Athletics,3806,2
CAF,Athletics,3807,2
CAM,Athletics,3808,2
CAN,Athletics,3809,78
CAY,Athletics,3810,2
CGO,Athletics,3811,2
CHA,Athletics,3812,2
CHI,Athletics,3813,10
CHN,Athletics,3814,57
CIV,Athletics,3815,7
CMR,Athletics,3816,2
COD,Athletics,3817,2
COK,Athletics,3818,2
COL,Athletics,3819,34
COM,Athletics,3820,2
CPV,Athletics,3821,2
CRC,Athletics,3822,4
CRO,Athletics,3823,10
CUB,Athletics,3824,41
CYP,Athletics,3825,8
CZE,Athletics,3826,26
DEN,Athletics,3827,8
DJI,Athletics,3828,6
DMA,Athletics,3829,2
DOM,Athletics,3830,14
ECU,Athletics,3831,18
EGY,Athletics,3832,4
ERI,Athletics,3833,11
ESA,Athletics,3834,2
ESP,Athletics,3835,49
EST,Athletics,3836,18
ETH,Athletics,3837,35
FIJ,Athletics,3838,2
FIN,Athletics,3839,16
FRA,Athletics,3840,51
FSM,Athletics,3841,2
GAB,Athletics,3842,2
GAM,Athletics,3843,2
GBR,Athletics,3844,86
GBS,Athletics,3845,2
GEO,Athletics,3846,5
GEQ,Athletics,3847,1
GER,Athletics,3848,93
GHA,Athletics,3849,10
GRE,Athletics,3850,25
GRN,Athletics,3851,4
GUA,Athletics,3852,9
GUI,Athletics,3853,2
GUM,Athletics,3854,2
GUY,Athletics,3855,5
HAI,Athletics,3856,3
HKG,Athletics,3857,2
HON,Athletics,3858,1
HUN,Athletics,3859,19
INA,Athletics,3860,2
IND,Athletics,3861,32
IRI,Athletics,3862,10
IRL,Athletics,3863,18
ISL,Athletics,3864,3
ISR,Athletics,3865,8
ISV,Athletics,3866,3
ITA,Athletics,3867,40
IVB,Athletics,3868,3
JAM,Athletics,3869,70
JOR,Athletics,3870,1
JPN,Athletics,3871,58
KAZ,Athletics,3872,28
KEN,Athletics,3873,48
KGZ,Athletics,3874,5
KIR,Athletics,3875,2
KOR,Athletics,3876,17
KOS,Athletics,3877,2
KSA,Athletics,3878,6
LAO,Athletics,3879,1
LAT,Athletics,3880,13
LBA,Athletics,3881,1
LBR,Athletics,3882,3
LCA,Athletics,3883,3
LES,Athletics,3884,6
LIB,Athletics,3885,2
LTU,Athletics,3886,16
LUX,Athletics,3887,2
MAD,Athletics,3888,2
MAR,Athletics,3889,22
MAS,Athletics,3890,2
MAW,Athletics,3891,2
MDA,Athletics,3892,9
MDV,Athletics,3893,2
MEX,Athletics,3894,20
MGL,Athletics,3895,5
MHL,Athletics,3896,2
MKD,Athletics,3897,2
MLI,Athletics,3898,2
MLT,Athletics,3899,2
MNE,Athletics,3900,2
MON,Athletics,3901,1
MOZ,Athletics,3902,1
MRI,Athletics,3903,3
MTN,Athletics,3904,2
MYA,Athletics,3905,2
NAM,Athletics,3906,4
NCA,Athletics,3907,1
NED,Athletics,3908,38
NEP,Athletics,3909,2
NGR,Athletics,3910,28
NIG,Athletics,3911,2
NOR,Athletics,3912,16
NZL,Athletics,3913,16
OMA,Athletics,3914,2
PAK,Athletics,3915,2
PAN,Athletics,3916,3
PAR,Athletics,3917,2
PER,Athletics,3918,14
PHI,Athletics,3919,3
PLE,Athletics,3920,2
PLW,Athletics,3921,1
PNG,Athletics,3922,2
POL,Athletics,3923,73
POR,Athletics,3924,25
PRK,Athletics,3925,4
PUR,Athletics,3926,12
QAT,Athletics,3927,8
ROT,Athletics,3928,6
ROU,Athletics,3929,23
RSA,Athletics,3930,40
RUS,Athletics,3931,1
RWA,Athletics,3932,3
SAM,Athletics,3933,2
SEN,Athletics,3934,2
SEY,Athletics,3935,2
SGP,Athletics,3936,2
SKN,Athletics,3937,9
SLE,Athletics,3938,2
SLO,Athletics,3939,10
SMR,Athletics,3940,1
SOL,Athletics,3941,2
SOM,Athletics,3942,2
SRB,Athletics,3943,13
SRI,Athletics,3944,3
SSD,Athletics,3945,3
STP,Athletics,3946,2
SUD,Athletics,3947,3
SUI,Athletics,3948,17
SUR,Athletics,3949,2
SVK,Athletics,3950,16
SWE,Athletics,3951,15
SWZ,Athletics,3952,2
SYR,Athletics,3953,2
TAN,Athletics,3954,4
TGA,Athletics,3955,2
THA,Athletics,3956,4
TJK,Athletics,3957,2
TKM,Athletics,3958,2
TLS,Athletics,3959,2
TOG,Athletics,3960,2
TPE,Athletics,3961,6
TTO,Athletics,3962,32
TUN,Athletics,3963,7
TUR,Athletics,3964,34
TUV,Athletics,3965,1
UAE,Athletics,3966,2
UGA,Athletics,3967,19
UKR,Athletics,3968,72
URU,Athletics,3969,6
USA,Athletics,3970,146
UZB,Athletics,3971,18
VEN,Athletics,3972,14
VIE,Athletics,3973,3
VIN,Athletics,3974,2
YEM,Athletics,3975,1
ZAM,Athletics,3976,3
ZIM,Athletics,3977,6
AUS,Badminton,4212,5
AUT,Badminton,4213,2
BEL,Badminton,4214,2
BRA,Badminton,4215,2
BRU,Badminton,4216,1
BUL,Badminton,4217,3
CAN,Badminton,4218,2
CHN,Badminton,4219,16
CUB,Badminton,4220,1
CZE,Badminton,4221,2
DEN,Badminton,4222,9
ESP,Badminton,4223,2
EST,Badminton,4224,2
FIN,Badminton,4225,1
FRA,Badminton,4226,2
GBR,Badminton,4227,8
GER,Badminton,4228,8
GUA,Badminton,4229,1
HKG,Badminton,4230,7
HUN,Badminton,4231,1
INA,Badminton,4232,10
IND,Badminton,4233,7
IRL,Badminton,4234,2
ISR,Badminton,4235,1
ITA,Badminton,4236,1
JPN,Badminton,4237,9
KOR,Badminton,4238,14
MAS,Badminton,4239,8
MEX,Badminton,4240,1
MRI,Badminton,4241,1
NED,Badminton,4242,4
POL,Badminton,4243,5
POR,Badminton,4244,2
RSA,Badminton,4245,1
RUS,Badminton,4246,4
SGP,Badminton,4247,2
SRI,Badminton,4248,1
SUI,Badminton,4249,1
SUR,Badminton,4250,1
SWE,Badminton,4251,1
THA,Badminton,4252,7
TPE,Badminton,4253,4
TUR,Badminton,4254,1
UKR,Badminton,4255,2
USA,Badminton,4256,8
VIE,Badminton,4257,2
ARG,Basketball,4604,12
AUS,Basketball,4605,24
BLR,Basketball,4606,10
BRA,Basketball,4607,23
CAN,Basketball,4608,12
CHN,Basketball,4609,24
CRO,Basketball,4610,10
ESP,Basketball,4611,24
FRA,Basketball,4612,24
JPN,Basketball,4613,12
LTU,Basketball,4614,12
NGR,Basketball,4615,11
SEN,Basketball,4616,12
SRB,Basketball,4617,24
TUR,Basketball,4618,11
USA,Basketball,4619,24
VEN,Basketball,4620,12
ARG,Beach Volleyball,4736,2
AUS,Beach Volleyball,4737,4
AUT,Beach Volleyball,4738,4
BRA,Beach Volleyball,4739,8
CAN,Beach Volleyball,4740,8
CHI,Beach Volleyball,4741,2
CHN,Beach Volleyball,4742,2
CRC,Beach Volleyball,4743,2
CUB,Beach Volleyball,4744,2
CZE,Beach Volleyball,4745,2
EGY,Beach Volleyball,4746,2
ESP,Beach Volleyball,4747,4
GER,Beach Volleyball,4748,6
ITA,Beach Volleyball,4749,6
LAT,Beach Volleyball,4750,2
MEX,Beach Volleyball,4751,2
NED,Beach Volleyball,4752,8
POL,Beach Volleyball,4753,6
QAT,Beach Volleyball,4754,2
RUS,Beach Volleyball,4755,6
SUI,Beach Volleyball,4756,4
TUN,Beach Volleyball,4757,2
USA,Beach Volleyball,4758,8
VEN,Beach Volleyball,4759,2
ALG,Boxing,6746,8
ARG,Boxing,6747,6
ARM,Boxing,6748,5
AUS,Boxing,6749,3
AZE,Boxing,6750,11
BLR,Boxing,6751,3
BRA,Boxing,6752,9
BUL,Boxing,6753,3
CAF,Boxing,6754,1
CAN,Boxing,6755,3
CGO,Boxing,6756,2
CHN,Boxing,6757,11
CMR,Boxing,6758,4
COL,Boxing,6759,5
CPV,Boxing,6760,1
CRO,Boxing,6761,2
CUB,Boxing,6762,10
DOM,Boxing,6763,2
ECU,Boxing,6764,4
EGY,Boxing,6765,4
ESP,Boxing,6766,2
FIJ,Boxing,6767,1
FIN,Boxing,6768,1
FRA,Boxing,6769,10
FSM,Boxing,6770,1
GBR,Boxing,6771,12
GER,Boxing,6772,6
GHA,Boxing,6773,1
HAI,Boxing,6774,1
HON,Boxing,6775,1
HUN,Boxing,6776,2
IND,Boxing,6777,3
IRI,Boxing,6778,1
IRL,Boxing,6779,7
IRQ,Boxing,6780,1
ISV,Boxing,6781,1
ITA,Boxing,6782,7
JOR,Boxing,6783,2
JPN,Boxing,6784,2
KAZ,Boxing,6785,12
KEN,Boxing,6786,3
KGZ,Boxing,6787,1
KOR,Boxing,6788,1
LES,Boxing,6789,2
LTU,Boxing,6790,2
MAR,Boxing,6791,7
MEX,Boxing,6792,5
MGL,Boxing,6793,6
MRI,Boxing,6794,2
NAM,Boxing,6795,2
NED,Boxing,6796,3
NGR,Boxing,6797,1
PAN,Boxing,6798,1
PHI,Boxing,6799,2
PNG,Boxing,6800,1
POL,Boxing,6801,2
PUR,Boxing,6802,1
QAT,Boxing,6803,2
ROU,Boxing,6804,1
RUS,Boxing,6805,11
SEY,Boxing,6806,1
SWE,Boxing,6807,1
THA,Boxing,6808,5
TJK,Boxing,6809,1
TKM,Boxing,6810,1
TPE,Boxing,6811,2
TTO,Boxing,6812,1
TUN,Boxing,6813,2
TUR,Boxing,6814,6
UGA,Boxing,6815,2
UKR,Boxing,6816,5
USA,Boxing,6817,8
UZB,Boxing,6818,11
VAN,Boxing,6819,1
VEN,Boxing,6820,8
ZAM,Boxing,6821,1
ARG,Canoeing,7420,11
AUS,Canoeing,7421,20
AUT,Canoeing,7422,5
AZE,Canoeing,7423,4
BEL,Canoeing,7424,1
BLR,Canoeing,7425,7
BRA,Canoeing,7426,18
BUL,Canoeing,7427,3
CAN,Canoeing,7428,16
CHN,Canoeing,7429,12
COK,Canoeing,7430,2
CUB,Canoeing,7431,7
CZE,Canoeing,7432,17
DEN,Canoeing,7433,9
ECU,Canoeing,7434,1
EGY,Canoeing,7435,2
ESP,Canoeing,7436,12
FRA,Canoeing,7437,22
GBR,Canoeing,7438,16
GEO,Canoeing,7439,1
GER,Canoeing,7440,27
HUN,Canoeing,7441,22
IRI,Canoeing,7442,1
ITA,Canoeing,7443,14
JPN,Canoeing,7444,5
KAZ,Canoeing,7445,21
KOR,Canoeing,7446,3
LAT,Canoeing,7447,3
LIB,Canoeing,7448,1
LTU,Canoeing,7449,6
MAR,Canoeing,7450,1
MDA,Canoeing,7451,2
MEX,Canoeing,7452,1
MOZ,Canoeing,7453,4
NGR,Canoeing,7454,1
NZL,Canoeing,7455,9
PLW,Canoeing,7456,2
POL,Canoeing,7457,19
POR,Canoeing,7458,11
RSA,Canoeing,7459,2
RUS,Canoeing,7460,18
SAM,Canoeing,7461,2
SEN,Canoeing,7462,1
SLO,Canoeing,7463,7
SRB,Canoeing,7464,18
STP,Canoeing,7465,1
SUI,Canoeing,7466,3
SVK,Canoeing,7467,15
SWE,Canoeing,7468,6
TUN,Canoeing,7469,3
TUR,Canoeing,7470,2
UKR,Canoeing,7471,12
USA,Canoeing,7472,7
UZB,Canoeing,7473,5
ALG,Cycling,9224,2
ARG,Cycling,9225,7
AUS,Cycling,9226,43
AUT,Cycling,9227,5
AZE,Cycling,9228,4
BEL,Cycling,9229,17
BLR,Cycling,9230,7
BOL,Cycling,9231,1
BRA,Cycling,9232,10
BUL,Cycling,9233,1
CAN,Cycling,9234,27
CHI,Cycling,9235,2
CHN,Cycling,9236,18
COL,Cycling,9237,16
CRC,Cycling,9238,3
CRO,Cycling,9239,2
CUB,Cycling,9240,4
CYP,Cycling,9241,1
CZE,Cycling,9242,12
DEN,Cycling,9243,15
DOM,Cycling,9244,1
ECU,Cycling,9245,2
EGY,Cycling,9246,1
ERI,Cycling,9247,1
ESP,Cycling,9248,18
EST,Cycling,9249,2
ETH,Cycling,9250,1
FIN,Cycling,9251,2
FRA,Cycling,9252,33
GBR,Cycling,9253,34
GER,Cycling,9254,42
GRE,Cycling,9255,3
GUA,Cycling,9256,1
GUM,Cycling,9257,1
HKG,Cycling,9258,6
HUN,Cycling,9259,1
INA,Cycling,9260,1
IRI,Cycling,9261,4
IRL,Cycling,9262,3
ISR,Cycling,9263,2
ITA,Cycling,9264,26
JPN,Cycling,9265,11
KAZ,Cycling,9266,4
KOR,Cycling,9267,12
KOS,Cycling,9268,1
LAO,Cycling,9269,1
LAT,Cycling,9270,4
LES,Cycling,9271,1
LTU,Cycling,9272,5
LUX,Cycling,9273,4
MAR,Cycling,9274,4
MAS,Cycling,9275,2
MEX,Cycling,9276,4
NAM,Cycling,9277,4
NED,Cycling,9278,38
NOR,Cycling,9279,9
NZL,Cycling,9280,29
POL,Cycling,9281,24
POR,Cycling,9282,7
PUR,Cycling,9283,1
ROU,Cycling,9284,1
RSA,Cycling,9285,8
RUS,Cycling,9286,19
RWA,Cycling,9287,2
SLO,Cycling,9288,7
SRB,Cycling,9289,2
SUI,Cycling,9290,17
SVK,Cycling,9291,2
SWE,Cycling,9292,4
THA,Cycling,9293,2
TLS,Cycling,9294,1
TPE,Cycling,9295,2
TTO,Cycling,9296,1
TUN,Cycling,9297,1
TUR,Cycling,9298,3
UAE,Cycling,9299,1
UKR,Cycling,9300,9
USA,Cycling,9301,25
VEN,Cycling,9302,13
AUS,Diving,9856,10
AUT,Diving,9857,1
BLR,Diving,9858,2
BRA,Diving,9859,12
CAN,Diving,9860,11
CHN,Diving,9861,16
COL,Diving,9862,4
CRO,Diving,9863,1
EGY,Diving,9864,4
FRA,Diving,9865,3
GBR,Diving,9866,15
GER,Diving,9867,14
HUN,Diving,9868,1
IRL,Diving,9869,1
ITA,Diving,9870,10
JAM,Diving,9871,1
JPN,Diving,9872,3
KOR,Diving,9873,2
MAS,Diving,9874,10
MEX,Diving,9875,14
NED,Diving,9876,1
NZL,Diving,9877,1
PRK,Diving,9878,4
PUR,Diving,9879,1
RSA,Diving,9880,1
RUS,Diving,9881,12
UKR,Diving,9882,7
USA,Diving,9883,14
VEN,Diving,9884,2
ARG,Equestrianism,10458,8
AUS,Equestrianism,10459,24
AUT,Equestrianism,10460,1
BEL,Equestrianism,10461,5
BRA,Equestrianism,10462,24
CAN,Equestrianism,10463,18
CHI,Equestrianism,10464,1
CHN,Equestrianism,10465,1
COL,Equestrianism,10466,2
DEN,Equestrianism,10467,8
DOM,Equestrianism,10468,1
ECU,Equestrianism,10469,1
EGY,Equestrianism,10470,1
ESP,Equestrianism,10471,17
FIN,Equestrianism,10472,1
FRA,Equestrianism,10473,24
GBR,Equestrianism,10474,24
GER,Equestrianism,10475,24
IRL,Equestrianism,10476,10
ITA,Equestrianism,10477,10
JPN,Equestrianism,10478,18
KOR,Equestrianism,10479,1
MAR,Equestrianism,10480,1
MEX,Equestrianism,10481,1
NED,Equestrianism,10482,24
NZL,Equestrianism,10483,9
PER,Equestrianism,10484,1
PLE,Equestrianism,10485,1
POL,Equestrianism,10486,1
POR,Equestrianism,10487,1
PUR,Equestrianism,10488,1
QAT,Equestrianism,10489,8
RSA,Equestrianism,10490,1
RUS,Equestrianism,10491,8
SUI,Equestrianism,10492,11
SWE,Equestrianism,10493,24
TPE,Equestrianism,10494,1
TUR,Equestrianism,10495,1
UKR,Equestrianism,10496,9
URU,Equestrianism,10497,1
USA,Equestrianism,10498,24
VEN,Equestrianism,10499,2
ZIM,Equestrianism,10500,1
ALG,Fencing,11299,2
ARG,Fencing,11300,1
AUT,Fencing,11301,1
AZE,Fencing,11302,1
BEL,Fencing,11303,1
BEN,Fencing,11304,1
BLR,Fencing,11305,1
BRA,Fencing,11306,25
BUL,Fencing,11307,1
CAN,Fencing,11308,5
CHN,Fencing,11309,19
CIV,Fencing,11310,1
COL,Fencing,11311,2
CUB,Fencing,11312,1
CZE,Fencing,11313,2
EGY,Fencing,11314,11
EST,Fencing,11315,8
FRA,Fencing,11316,31
GBR,Fencing,11317,7
GEO,Fencing,11318,1
GER,Fencing,11319,4
GRE,Fencing,11320,2
HKG,Fencing,11321,3
HUN,Fencing,11322,13
IOA,Fencing,11323,1
IRI,Fencing,11324,2
ITA,Fencing,11325,26
JPN,Fencing,11326,6
KAZ,Fencing,11327,1
KOR,Fencing,11328,25
KSA,Fencing,11329,1
LIB,Fencing,11330,1
MAR,Fencing,11331,1
MEX,Fencing,11332,10
NED,Fencing,11333,1
PAN,Fencing,11334,1
POL,Fencing,11335,8
ROU,Fencing,11336,9
RUS,Fencing,11337,31
SEN,Fencing,11338,1
SUI,Fencing,11339,8
TUN,Fencing,11340,5
TUR,Fencing,11341,1
UKR,Fencing,11342,23
USA,Fencing,11343,26
VEN,Fencing,11344,10
VIE,Fencing,11345,4
ALG,Football,12219,18
ARG,Football,12220,16
AUS,Football,12221,17
BRA,Football,12222,35
CAN,Football,12223,18
CHN,Football,12224,15
COL,Football,12225,33
DEN,Football,12226,17
FIJ,Football,12227,16
FRA,Football,12228,17
GER,Football,12229,35
HON,Football,12230,16
IRQ,Football,12231,16
JPN,Football,12232,17
KOR,Football,12233,17
MEX,Football,12234,18
NGR,Football,12235,18
NZL,Football,12236,16
POR,Football,12237,17
RSA,Football,12238,34
SWE,Football,12239,33
USA,Football,12240,17
ZIM,Football,12241,17
ARG,Golf,12413,2
AUS,Golf,12414,4
AUT,Golf,12415,2
BAN,Golf,12416,1
BEL,Golf,12417,3
BRA,Golf,12418,3
CAN,Golf,12419,4
CHI,Golf,12420,1
CHN,Golf,12421,4
COL,Golf,12422,1
CZE,Golf,12423,1
DEN,Golf,12424,4
ESP,Golf,12425,4
FIN,Golf,12426,4
FRA,Golf,12427,4
GBR,Golf,12428,4
GER,Golf,12429,4
HKG,Golf,12430,1
IND,Golf,12431,3
IRL,Golf,12432,4
ISR,Golf,12433,1
ITA,Golf,12434,4
JPN,Golf,12435,4
KOR,Golf,12436,6
MAR,Golf,12437,1
MAS,Golf,12438,4
MEX,Golf,12439,3
NED,Golf,12440,1
NOR,Golf,12441,3
NZL,Golf,12442,3
PAR,Golf,12443,2
PHI,Golf,12444,1
POR,Golf,12445,2
RSA,Golf,12446,4
RUS,Golf,12447,1
SUI,Golf,12448,2
SWE,Golf,12449,4
THA,Golf,12450,4
TPE,Golf,12451,4
USA,Golf,12452,7
VEN,Golf,12453,1
ALG,Gymnastics,13089,10
ARG,Gymnastics,13090,5
ARM,Gymnastics,13091,6
AUS,Gymnastics,13092,2
AUT,Gymnastics,13093,4
AZE,Gymnastics,13094,12
BEL,Gymnastics,13095,20
BLR,Gymnastics,13096,10
BRA,Gymnastics,13097,46
CAN,Gymnastics,13098,25
CHI,Gymnastics,13099,6
CHN,Gymnastics,13100,45
COL,Gymnastics,13101,10
CRO,Gymnastics,13102,4
CUB,Gymnastics,13103,17
CYP,Gymnastics,13104,6
CZE,Gymnastics,13105,6
EGY,Gymnastics,13106,4
ESP,Gymnastics,13107,11
FIN,Gymnastics,13108,6
FRA,Gymnastics,13109,45
GBR,Gymnastics,13110,47
GER,Gymnastics,13111,45
GRE,Gymnastics,13112,3
GUA,Gymnastics,13113,4
HUN,Gymnastics,13114,6
IND,Gymnastics,13115,5
IRL,Gymnastics,13116,10
ISL,Gymnastics,13117,4
ISR,Gymnastics,13118,2
ITA,Gymnastics,13119,25
JAM,Gymnastics,13120,4
JPN,Gymnastics,13121,49
KOR,Gymnastics,13122,30
LTU,Gymnastics,13123,7
MEX,Gymnastics,13124,7
MON,Gymnastics,13125,6
NED,Gymnastics,13126,45
NOR,Gymnastics,13127,6
NZL,Gymnastics,13128,12
PAN,Gymnastics,13129,4
PER,Gymnastics,13130,4
POL,Gymnastics,13131,4
POR,Gymnastics,13132,4
PRK,Gymnastics,13133,3
ROU,Gymnastics,13134,12
RSA,Gymnastics,13135,6
RUS,Gymnastics,13136,52
SLO,Gymnastics,13137,1
SUI,Gymnastics,13138,34
SVK,Gymnastics,13139,4
SWE,Gymnastics,13140,4
TPE,Gymnastics,13141,1
TTO,Gymnastics,13142,4
TUR,Gymnastics,13143,10
UKR,Gymnastics,13144,33
USA,Gymnastics,13145,49
UZB,Gymnastics,13146,8
VEN,Gymnastics,13147,4
VIE,Gymnastics,13148,3
ANG,Handball,13331,15
ARG,Handball,13332,29
BRA,Handball,13333,28
CRO,Handball,13334,14
DEN,Handball,13335,14
EGY,Handball,13336,14
ESP,Handball,13337,14
FRA,Handball,13338,31
GER,Handball,13339,15
KOR,Handball,13340,15
MNE,Handball,13341,15
NED,Handball,13342,14
NOR,Handball,13343,14
POL,Handball,13344,15
QAT,Handball,13345,15
ROU,Handball,13346,14
RUS,Handball,13347,15
SLO,Handball,13348,17
SWE,Handball,13349,30
TUN,Handball,13350,15
ARG,Hockey,13611,34
AUS,Hockey,13612,32
BEL,Hockey,13613,16
BRA,Hockey,13614,16
CAN,Hockey,13615,16
CHN,Hockey,13616,17
ESP,Hockey,13617,33
GBR,Hockey,13618,33
GER,Hockey,13619,33
IND,Hockey,13620,32
IRL,Hockey,13621,16
JPN,Hockey,13622,16
KOR,Hockey,13623,16
NED,Hockey,13624,32
NZL,Hockey,13625,32
USA,Hockey,13626,16
AFG,Judo,14777,1
ALG,Judo,14778,5
AND,Judo,14779,1
ANG,Judo,14780,1
ARG,Judo,14781,2
ARM,Judo,14782,1
ARU,Judo,14783,1
ASA,Judo,14784,1
AUS,Judo,14785,7
AUT,Judo,14786,5
AZE,Judo,14787,6
BDI,Judo,14788,1
BEL,Judo,14789,5
BEN,Judo,14790,1
BIH,Judo,14791,1
BIZ,Judo,14792,1
BLR,Judo,14793,2
BOL,Judo,14794,1
BOT,Judo,14795,1
BRA,Judo,14796,14
BUL,Judo,14797,2
BUR,Judo,14798,1
CAN,Judo,14799,7
CGO,Judo,14800,1
CHI,Judo,14801,1
CHN,Judo,14802,8
CIV,Judo,14803,1
CMR,Judo,14804,1
COD,Judo,14805,1
COL,Judo,14806,2
CRC,Judo,14807,1
CRO,Judo,14808,1
CUB,Judo,14809,9
CZE,Judo,14810,3
DJI,Judo,14811,1
DOM,Judo,14812,1
ECU,Judo,14813,3
EGY,Judo,14814,5
ESA,Judo,14815,1
ESP,Judo,14816,5
EST,Judo,14817,1
FIJ,Judo,14818,1
FIN,Judo,14819,1
FRA,Judo,14820,14
GAB,Judo,14821,2
GAM,Judo,14822,1
GBR,Judo,14823,7
GBS,Judo,14824,1
GEO,Judo,14825,8
GER,Judo,14826,13
GHA,Judo,14827,1
GRE,Judo,14828,2
GUA,Judo,14829,1
GUI,Judo,14830,1
HAI,Judo,14831,1
HON,Judo,14832,1
HUN,Judo,14833,8
IND,Judo,14834,1
IRI,Judo,14835,2
IRQ,Judo,14836,1
ISL,Judo,14837,1
ISR,Judo,14838,7
ITA,Judo,14839,6
JOR,Judo,14840,1
JPN,Judo,14841,14
KAZ,Judo,14842,6
KEN,Judo,14843,1
KGZ,Judo,14844,2
KOR,Judo,14845,12
KOS,Judo,14846,2
KSA,Judo,14847,1
LAO,Judo,14848,1
LAT,Judo,14849,2
LBA,Judo,14850,1
LIB,Judo,14851,1
LTU,Judo,14852,1
MAD,Judo,14853,1
MAR,Judo,14854,3
MDA,Judo,14855,1
MEX,Judo,14856,2
MGL,Judo,14857,13
MKD,Judo,14858,1
MLI,Judo,14859,1
MNE,Judo,14860,1
MON,Judo,14861,1
MOZ,Judo,14862,1
MRI,Judo,14863,1
MYA,Judo,14864,1
NED,Judo,14865,11
NEP,Judo,14866,1
NIG,Judo,14867,1
NRU,Judo,14868,1
NZL,Judo,14869,1
PAK,Judo,14870,1
PER,Judo,14871,1
PHI,Judo,14872,1
PLE,Judo,14873,1
PNG,Judo,14874,1
POL,Judo,14875,4
POR,Judo,14876,6
PRK,Judo,14877,3
PUR,Judo,14878,2
QAT,Judo,14879,1
ROT,Judo,14880,2
ROU,Judo,14881,4
RSA,Judo,14882,1
RUS,Judo,14883,12
SAM,Judo,14884,1
SEN,Judo,14885,1
SEY,Judo,14886,1
SLO,Judo,14887,5
SRB,Judo,14888,1
SRI,Judo,14889,1
SUD,Judo,14890,1
SUI,Judo,14891,3
SUR,Judo,14892,1
SWE,Judo,14893,4
SYR,Judo,14894,1
TAN,Judo,14895,1
THA,Judo,14896,1
TJK,Judo,14897,2
TKM,Judo,14898,2
TPE,Judo,14899,2
TTO,Judo,14900,1
TUN,Judo,14901,4
TUR,Judo,14902,4
UAE,Judo,14903,3
UKR,Judo,14904,7
URU,Judo,14905,1
USA,Judo,14906,6
UZB,Judo,14907,8
VAN,Judo,14908,1
VEN,Judo,14909,1
VIE,Judo,14910,1
YEM,Judo,14911,1
ZAM,Judo,14912,1
ARG,Modern Pentathlon,15629,2
AUS,Modern Pentathlon,15630,2
BLR,Modern Pentathlon,15631,1
BRA,Modern Pentathlon,15632,2
BUL,Modern Pentathlon,15633,1
CAN,Modern Pentathlon,15634,2
CHN,Modern Pentathlon,15635,4
CUB,Modern Pentathlon,15636,2
CZE,Modern Pentathlon,15637,3
EGY,Modern Pentathlon,15638,3
FRA,Modern Pentathlon,15639,3
GBR,Modern Pentathlon,15640,4
GER,Modern Pentathlon,15641,4
GUA,Modern Pentathlon,15642,2
HUN,Modern Pentathlon,15643,4
IRL,Modern Pentathlon,15644,2
ITA,Modern Pentathlon,15645,4
JPN,Modern Pentathlon,15646,3
KAZ,Modern Pentathlon,15647,2
KOR,Modern Pentathlon,15648,3
LAT,Modern Pentathlon,15649,1
LTU,Modern Pentathlon,15650,3
MEX,Modern Pentathlon,15651,2
POL,Modern Pentathlon,15652,3
RUS,Modern Pentathlon,15653,3
TUR,Modern Pentathlon,15654,1
UKR,Modern Pentathlon,15655,3
USA,Modern Pentathlon,15656,3
AUS,Rhythmic Gymnastics,16136,1
AUT,Rhythmic Gymnastics,16137,1
AZE,Rhythmic Gymnastics,16138,1
BLR,Rhythmic Gymnastics,16139,7
BRA,Rhythmic Gymnastics,16140,6
BUL,Rhythmic Gymnastics,16141,6
CHN,Rhythmic Gymnastics,16142,6
CPV,Rhythmic Gymnastics,16143,1
ESP,Rhythmic Gymnastics,16144,6
FIN,Rhythmic Gymnastics,16145,1
FRA,Rhythmic Gymnastics,16146,1
GEO,Rhythmic Gymnastics,16147,1
GER,Rhythmic Gymnastics,16148,6
GRE,Rhythmic Gymnastics,16149,6
ISR,Rhythmic Gymnastics,16150,6
ITA,Rhythmic Gymnastics,16151,6
JPN,Rhythmic Gymnastics,16152,6
KAZ,Rhythmic Gymnastics,16153,1
KOR,Rhythmic Gymnastics,16154,1
ROU,Rhythmic Gymnastics,16155,1
RUS,Rhythmic Gymnastics,16156,7
UKR,Rhythmic Gymnastics,16157,6
USA,Rhythmic Gymnastics,16158,6
UZB,Rhythmic Gymnastics,16159,6
ALG,Rowing,16929,2
ANG,Rowing,16930,2
ARG,Rowing,16931,2
AUS,Rowing,16932,29
AUT,Rowing,16933,3
AZE,Rowing,16934,2
BAH,Rowing,16935,1
BEL,Rowing,16936,1
BER,Rowing,16937,1
BLR,Rowing,16938,10
BRA,Rowing,16939,4
BUL,Rowing,16940,2
CAN,Rowing,16941,26
CHI,Rowing,16942,4
CHN,Rowing,16943,17
CRO,Rowing,16944,3
CUB,Rowing,16945,7
CZE,Rowing,16946,10
DEN,Rowing,16947,13
ECU,Rowing,16948,1
EGY,Rowing,16949,2
ESP,Rowing,16950,4
EST,Rowing,16951,4
FRA,Rowing,16952,18
GBR,Rowing,16953,43
GER,Rowing,16954,35
GRE,Rowing,16955,10
HKG,Rowing,16956,4
HUN,Rowing,16957,3
INA,Rowing,16958,2
IND,Rowing,16959,1
IRI,Rowing,16960,1
IRL,Rowing,16961,5
IRQ,Rowing,16962,1
ITA,Rowing,16963,27
JPN,Rowing,16964,4
KAZ,Rowing,16965,2
KOR,Rowing,16966,2
LBA,Rowing,16967,1
LTU,Rowing,16968,10
MEX,Rowing,16969,2
NED,Rowing,16970,36
NGR,Rowing,16971,1
NOR,Rowing,16972,5
NZL,Rowing,16973,38
PAR,Rowing,16974,2
PER,Rowing,16975,2
POL,Rowing,16976,26
ROU,Rowing,16977,19
RSA,Rowing,16978,12
RUS,Rowing,16979,4
SGP,Rowing,16980,1
SRB,Rowing,16981,4
SUI,Rowing,16982,11
SWE,Rowing,16983,1
THA,Rowing,16984,2
TOG,Rowing,16985,1
TPE,Rowing,16986,1
TTO,Rowing,16987,1
TUN,Rowing,16988,3
TUR,Rowing,16989,2
UKR,Rowing,16990,8
URU,Rowing,16991,1
USA,Rowing,16992,41
UZB,Rowing,16993,1
VAN,Rowing,16994,1
VEN,Rowing,16995,1
VIE,Rowing,16996,2
ZIM,Rowing,16997,2
ARG,Rugby Sevens,17010,13
AUS,Rugby Sevens,17011,25
BRA,Rugby Sevens,17012,25
CAN,Rugby Sevens,17013,12
COL,Rugby Sevens,17014,12
ESP,Rugby Sevens,17015,25
FIJ,Rugby Sevens,17016,26
FRA,Rugby Sevens,17017,25
GBR,Rugby Sevens,17018,24
JPN,Rugby Sevens,17019,25
KEN,Rugby Sevens,17020,24
NZL,Rugby Sevens,17021,25
RSA,Rugby Sevens,17022,13
USA,Rugby Sevens,17023,25
ALG,Sailing,17959,3
ANG,Sailing,17960,3
ARG,Sailing,17961,13
ARU,Sailing,17962,3
AUS,Sailing,17963,11
AUT,Sailing,17964,8
BEL,Sailing,17965,4
BER,Sailing,17966,2
BLR,Sailing,17967,2
BRA,Sailing,17968,15
CAN,Sailing,17969,9
CAY,Sailing,17970,1
CHI,Sailing,17971,9
CHN,Sailing,17972,8
COK,Sailing,17973,2
COL,Sailing,17974,1
CRO,Sailing,17975,8
CYP,Sailing,17976,2
CZE,Sailing,17977,3
DEN,Sailing,17978,11
EGY,Sailing,17979,1
ESA,Sailing,17980,1
ESP,Sailing,17981,14
EST,Sailing,17982,5
FIN,Sailing,17983,8
FRA,Sailing,17984,15
GBR,Sailing,17985,15
GER,Sailing,17986,12
GRE,Sailing,17987,7
GUA,Sailing,17988,1
HKG,Sailing,17989,2
HUN,Sailing,17990,5
IRL,Sailing,17991,6
ISR,Sailing,17992,6
ISV,Sailing,17993,1
ITA,Sailing,17994,13
JPN,Sailing,17995,11
KOR,Sailing,17996,4
LAT,Sailing,17997,1
LCA,Sailing,17998,1
LTU,Sailing,17999,2
MAS,Sailing,18000,2
MEX,Sailing,18001,3
MNE,Sailing,18002,1
NED,Sailing,18003,11
NOR,Sailing,18004,6
NZL,Sailing,18005,12
PER,Sailing,18006,2
POL,Sailing,18007,7
POR,Sailing,18008,5
RSA,Sailing,18009,3
RUS,Sailing,18010,7
SEY,Sailing,18011,3
SGP,Sailing,18012,10
SLO,Sailing,18013,3
SUI,Sailing,18014,9
SWE,Sailing,18015,7
THA,Sailing,18016,4
TPE,Sailing,18017,1
TTO,Sailing,18018,1
TUN,Sailing,18019,4
TUR,Sailing,18020,6
UKR,Sailing,18021,3
URU,Sailing,18022,4
USA,Sailing,18023,15
VEN,Sailing,18024,2
ALG,Shooting,19350,1
AND,Shooting,19351,1
ANG,Shooting,19352,1
ARG,Shooting,19353,6
ARM,Shooting,19354,1
AUS,Shooting,19355,23
AUT,Shooting,19356,9
AZE,Shooting,19357,2
BAN,Shooting,19358,1
BAR,Shooting,19359,1
BEL,Shooting,19360,1
BHU,Shooting,19361,1
BIH,Shooting,19362,1
BLR,Shooting,19363,8
BOL,Shooting,19364,2
BRA,Shooting,19365,13
BRN,Shooting,19366,1
BUL,Shooting,19367,7
CAN,Shooting,19368,3
CHI,Shooting,19369,1
CHN,Shooting,19370,25
COL,Shooting,19371,1
CRO,Shooting,19372,10
CUB,Shooting,19373,13
CYP,Shooting,19374,2
CZE,Shooting,19375,9
DEN,Shooting,19376,4
DOM,Shooting,19377,1
ECU,Shooting,19378,1
EGY,Shooting,19379,15
ESA,Shooting,19380,1
ESP,Shooting,19381,8
EST,Shooting,19382,1
FIJ,Shooting,19383,1
FIN,Shooting,19384,2
FRA,Shooting,19385,14
GBR,Shooting,19386,7
GEO,Shooting,19387,4
GER,Shooting,19388,18
GRE,Shooting,19389,3
GUA,Shooting,19390,2
HUN,Shooting,19391,14
IND,Shooting,19392,18
IOA,Shooting,19393,6
IRI,Shooting,19394,8
ISR,Shooting,19395,2
ITA,Shooting,19396,20
JPN,Shooting,19397,12
KAZ,Shooting,19398,10
KOR,Shooting,19399,20
KOS,Shooting,19400,1
KSA,Shooting,19401,2
LAT,Shooting,19402,1
LIB,Shooting,19403,1
LTU,Shooting,19404,1
MAR,Shooting,19405,2
MAS,Shooting,19406,2
MEX,Shooting,19407,2
MGL,Shooting,19408,6
MKD,Shooting,19409,1
MLT,Shooting,19410,3
MYA,Shooting,19411,2
NAM,Shooting,19412,1
NCA,Shooting,19413,1
NOR,Shooting,19414,8
NZL,Shooting,19415,3
OMA,Shooting,19416,2
PAK,Shooting,19417,2
PAN,Shooting,19418,2
PAR,Shooting,19419,1
PER,Shooting,19420,4
POL,Shooting,19421,9
POR,Shooting,19422,2
PRK,Shooting,19423,7
PUR,Shooting,19424,2
QAT,Shooting,19425,2
ROU,Shooting,19426,1
RUS,Shooting,19427,24
SGP,Shooting,19428,4
SLO,Shooting,19429,3
SMR,Shooting,19430,3
SRB,Shooting,19431,18
SRI,Shooting,19432,2
SUI,Shooting,19433,7
SVK,Shooting,19434,7
SWE,Shooting,19435,3
THA,Shooting,19436,9
TPE,Shooting,19437,6
TUN,Shooting,19438,2
TUR,Shooting,19439,6
UAE,Shooting,19440,3
UKR,Shooting,19441,16
USA,Shooting,19442,26
UZB,Shooting,19443,1
VEN,Shooting,19444,3
VIE,Shooting,19445,4
ZIM,Shooting,19446,1
ALB,Swimming,22171,2
ALG,Swimming,22172,2
AND,Swimming,22173,1
ANG,Swimming,22174,2
ANT,Swimming,22175,2
ARG,Swimming,22176,10
ARM,Swimming,22177,1
ARU,Swimming,22178,2
AUS,Swimming,22179,83
AUT,Swimming,22180,8
AZE,Swimming,22181,2
BAH,Swimming,22182,6
BAN,Swimming,22183,2
BAR,Swimming,22184,2
BDI,Swimming,22185,2
BEL,Swimming,22186,21
BEN,Swimming,22187,2
BER,Swimming,22188,2
BIH,Swimming,22189,2
BLR,Swimming,22190,9
BOL,Swimming,22191,2
BOT,Swimming,22192,2
BRA,Swimming,22193,62
BRN,Swimming,22194,2
BUL,Swimming,22195,4
BUR,Swimming,22196,2
CAF,Swimming,22197,2
CAM,Swimming,22198,2
CAN,Swimming,22199,61
CAY,Swimming,22200,2
CGO,Swimming,22201,2
CHI,Swimming,22202,3
CHN,Swimming,22203,75
CIV,Swimming,22204,2
COK,Swimming,22205,2
COL,Swimming,22206,5
COM,Swimming,22207,2
CRC,Swimming,22208,1
CRO,Swimming,22209,4
CUB,Swimming,22210,2
CYP,Swimming,22211,2
CZE,Swimming,22212,17
DEN,Swimming,22213,27
DJI,Swimming,22214,1
DOM,Swimming,22215,2
ECU,Swimming,22216,3
EGY,Swimming,22217,10
ESA,Swimming,22218,4
ESP,Swimming,22219,43
EST,Swimming,22220,2
ETH,Swimming,22221,2
FIJ,Swimming,22222,2
FIN,Swimming,22223,15
FRA,Swimming,22224,54
FSM,Swimming,22225,2
GAB,Swimming,22226,1
GAM,Swimming,22227,1
GBR,Swimming,22228,54
GEO,Swimming,22229,2
GER,Swimming,22230,52
GHA,Swimming,22231,2
GRE,Swimming,22232,24
GRN,Swimming,22233,2
GUA,Swimming,22234,3
GUI,Swimming,22235,2
GUM,Swimming,22236,2
GUY,Swimming,22237,2
HAI,Swimming,22238,2
HKG,Swimming,22239,12
HON,Swimming,22240,2
HUN,Swimming,22241,60
INA,Swimming,22242,2
IND,Swimming,22243,2
IOA,Swimming,22244,2
IRI,Swimming,22245,1
IRL,Swimming,22246,7
ISL,Swimming,22247,6
ISR,Swimming,22248,17
ISV,Swimming,22249,2
ITA,Swimming,22250,60
IVB,Swimming,22251,1
JAM,Swimming,22252,2
JOR,Swimming,22253,2
JPN,Swimming,22254,68
KAZ,Swimming,22255,4
KEN,Swimming,22256,2
KGZ,Swimming,22257,2
KOR,Swimming,22258,11
KOS,Swimming,22259,2
LAO,Swimming,22260,2
LAT,Swimming,22261,2
LBA,Swimming,22262,2
LCA,Swimming,22263,1
LIB,Swimming,22264,2
LIE,Swimming,22265,2
LTU,Swimming,22266,12
LUX,Swimming,22267,7
MAD,Swimming,22268,2
MAR,Swimming,22269,2
MAS,Swimming,22270,5
MAW,Swimming,22271,2
MDA,Swimming,22272,2
MDV,Swimming,22273,2
MEX,Swimming,22274,3
MGL,Swimming,22275,2
MHL,Swimming,22276,2
MKD,Swimming,22277,2
MLI,Swimming,22278,2
MLT,Swimming,22279,2
MNE,Swimming,22280,2
MOZ,Swimming,22281,2
MRI,Swimming,22282,2
MYA,Swimming,22283,2
NCA,Swimming,22284,2
NED,Swimming,22285,30
NEP,Swimming,22286,2
NGR,Swimming,22287,2
NIG,Swimming,22288,2
NOR,Swimming,22289,5
NZL,Swimming,22290,16
PAK,Swimming,22291,2
PAN,Swimming,22292,2
PAR,Swimming,22293,2
PER,Swimming,22294,2
PHI,Swimming,22295,2
PLE,Swimming,22296,2
PLW,Swimming,22297,2
PNG,Swimming,22298,1
POL,Swimming,22299,37
POR,Swimming,22300,7
PUR,Swimming,22301,1
QAT,Swimming,22302,2
ROT,Swimming,22303,4
ROU,Swimming,22304,9
RSA,Swimming,22305,25
RUS,Swimming,22306,74
RWA,Swimming,22307,2
SAM,Swimming,22308,2
SEN,Swimming,22309,2
SEY,Swimming,22310,2
SGP,Swimming,22311,6
SLE,Swimming,22312,2
SLO,Swimming,22313,14
SRB,Swimming,22314,8
SRI,Swimming,22315,2
SUD,Swimming,22316,2
SUI,Swimming,22317,16
SUR,Swimming,22318,2
SVK,Swimming,22319,6
SWE,Swimming,22320,29
SYR,Swimming,22321,2
TAN,Swimming,22322,2
TGA,Swimming,22323,2
THA,Swimming,22324,2
TJK,Swimming,22325,2
TKM,Swimming,22326,2
TOG,Swimming,22327,2
TPE,Swimming,22328,2
TTO,Swimming,22329,2
TUN,Swimming,22330,5
TUR,Swimming,22331,6
UAE,Swimming,22332,2
UGA,Swimming,22333,2
UKR,Swimming,22334,8
URU,Swimming,22335,2
USA,Swimming,22336,99
UZB,Swimming,22337,3
VEN,Swimming,22338,13
VIE,Swimming,22339,4
VIN,Swimming,22340,2
YEM,Swimming,22341,1
ZAM,Swimming,22342,2
ZIM,Swimming,22343,3
ARG,Synchronized Swimming,22509,2
AUS,Synchronized Swimming,22510,11
AUT,Synchronized Swimming,22511,2
BLR,Synchronized Swimming,22512,2
BRA,Synchronized Swimming,22513,11
CAN,Synchronized Swimming,22514,2
CHN,Synchronized Swimming,22515,11
COL,Synchronized Swimming,22516,2
CZE,Synchronized Swimming,22517,2
EGY,Synchronized Swimming,22518,11
ESP,Synchronized Swimming,22519,2
FRA,Synchronized Swimming,22520,2
GBR,Synchronized Swimming,22521,2
GRE,Synchronized Swimming,22522,2
ISR,Synchronized Swimming,22523,2
ITA,Synchronized Swimming,22524,11
JPN,Synchronized Swimming,22525,10
KAZ,Synchronized Swimming,22526,2
MEX,Synchronized Swimming,22527,2
RUS,Synchronized Swimming,22528,11
SUI,Synchronized Swimming,22529,2
SVK,Synchronized Swimming,22530,2
UKR,Synchronized Swimming,22531,10
USA,Synchronized Swimming,22532,2
AUS,Table Tennis,22884,10
AUT,Table Tennis,22885,10
BLR,Table Tennis,22886,3
BRA,Table Tennis,22887,10
CAN,Table Tennis,22888,2
CGO,Table Tennis,22889,3
CHN,Table Tennis,22890,10
COL,Table Tennis,22891,1
CRO,Table Tennis,22892,1
CUB,Table Tennis,22893,2
CZE,Table Tennis,22894,4
DEN,Table Tennis,22895,1
EGY,Table Tennis,22896,7
ESP,Table Tennis,22897,3
FIJ,Table Tennis,22898,1
FIN,Table Tennis,22899,1
FRA,Table Tennis,22900,6
GBR,Table Tennis,22901,5
GER,Table Tennis,22902,10
GRE,Table Tennis,22903,1
HKG,Table Tennis,22904,10
HUN,Table Tennis,22905,3
IND,Table Tennis,22906,4
IRI,Table Tennis,22907,3
JPN,Table Tennis,22908,10
KAZ,Table Tennis,22909,1
KOR,Table Tennis,22910,10
LIB,Table Tennis,22911,1
LUX,Table Tennis,22912,1
MEX,Table Tennis,22913,2
NED,Table Tennis,22914,5
NGR,Table Tennis,22915,7
PAR,Table Tennis,22916,1
PHI,Table Tennis,22917,1
POL,Table Tennis,22918,10
POR,Table Tennis,22919,7
PRK,Table Tennis,22920,5
PUR,Table Tennis,22921,2
QAT,Table Tennis,22922,1
ROU,Table Tennis,22923,7
RUS,Table Tennis,22924,3
SGP,Table Tennis,22925,7
SLO,Table Tennis,22926,1
SRB,Table Tennis,22927,1
SVK,Table Tennis,22928,3
SWE,Table Tennis,22929,7
SYR,Table Tennis,22930,1
THA,Table Tennis,22931,3
TPE,Table Tennis,22932,10
TUN,Table Tennis,22933,1
TUR,Table Tennis,22934,2
UKR,Table Tennis,22935,2
USA,Table Tennis,22936,10
UZB,Table Tennis,22937,1
VAN,Table Tennis,22938,1
VEN,Table Tennis,22939,1
ARU,Taekwondo,23175,1
AUS,Taekwondo,23176,4
AZE,Taekwondo,23177,4
BEL,Taekwondo,23178,3
BRA,Taekwondo,23179,4
CAF,Taekwondo,23180,1
CAM,Taekwondo,23181,1
CAN,Taekwondo,23182,1
CHI,Taekwondo,23183,1
CHN,Taekwondo,23184,4
CIV,Taekwondo,23185,3
COD,Taekwondo,23186,1
COL,Taekwondo,23187,2
CPV,Taekwondo,23188,1
CRO,Taekwondo,23189,3
CUB,Taekwondo,23190,1
DOM,Taekwondo,23191,3
EGY,Taekwondo,23192,3
ESP,Taekwondo,23193,3
FIN,Taekwondo,23194,1
FRA,Taekwondo,23195,4
GAB,Taekwondo,23196,1
GBR,Taekwondo,23197,4
GER,Taekwondo,23198,2
HAI,Taekwondo,23199,1
HON,Taekwondo,23200,1
IRI,Taekwondo,23201,4
ISR,Taekwondo,23202,1
JOR,Taekwondo,23203,1
JPN,Taekwondo,23204,1
KAZ,Taekwondo,23205,3
KOR,Taekwondo,23206,5
LBA,Taekwondo,23207,1
MAR,Taekwondo,23208,3
MDA,Taekwondo,23209,1
MEX,Taekwondo,23210,4
MGL,Taekwondo,23211,1
MLI,Taekwondo,23212,1
NED,Taekwondo,23213,1
NEP,Taekwondo,23214,1
NIG,Taekwondo,23215,1
NOR,Taekwondo,23216,1
NZL,Taekwondo,23217,1
PAN,Taekwondo,23218,1
PER,Taekwondo,23219,1
PHI,Taekwondo,23220,1
PNG,Taekwondo,23221,2
POL,Taekwondo,23222,2
POR,Taekwondo,23223,1
PUR,Taekwondo,23224,1
RUS,Taekwondo,23225,3
SEN,Taekwondo,23226,1
SRB,Taekwondo,23227,2
SWE,Taekwondo,23228,2
TGA,Taekwondo,23229,1
THA,Taekwondo,23230,3
TPE,Taekwondo,23231,3
TUN,Taekwondo,23232,3
TUR,Taekwondo,23233,2
USA,Taekwondo,23234,4
UZB,Taekwondo,23235,3
VEN,Taekwondo,23236,1
ARG,Tennis,23657,8
AUS,Tennis,23658,14
AUT,Tennis,23659,2
BAR,Tennis,23660,1
BEL,Tennis,23661,5
BIH,Tennis,23662,2
BLR,Tennis,23663,2
BRA,Tennis,23664,11
BUL,Tennis,23665,2
CAN,Tennis,23666,6
CHI,Tennis,23667,2
CHN,Tennis,23668,8
COL,Tennis,23669,3
CRO,Tennis,23670,5
CZE,Tennis,23671,13
DEN,Tennis,23672,1
DOM,Tennis,23673,1
ESP,Tennis,23674,16
FRA,Tennis,23675,17
GBR,Tennis,23676,14
GEO,Tennis,23677,1
GER,Tennis,23678,11
HUN,Tennis,23679,3
IND,Tennis,23680,6
ISR,Tennis,23681,1
ITA,Tennis,23682,13
JPN,Tennis,23683,7
KAZ,Tennis,23684,3
LAT,Tennis,23685,1
LIE,Tennis,23686,1
LTU,Tennis,23687,1
LUX,Tennis,23688,1
MDA,Tennis,23689,1
MEX,Tennis,23690,2
MNE,Tennis,23691,1
NED,Tennis,23692,6
NZL,Tennis,23693,2
PAR,Tennis,23694,1
POL,Tennis,23695,9
POR,Tennis,23696,4
PUR,Tennis,23697,1
ROU,Tennis,23698,11
RUS,Tennis,23699,11
SLO,Tennis,23700,1
SRB,Tennis,23701,8
SUI,Tennis,23702,3
SVK,Tennis,23703,4
SWE,Tennis,23704,1
THA,Tennis,23705,2
TPE,Tennis,23706,3
TUN,Tennis,23707,2
TUR,Tennis,23708,1
UKR,Tennis,23709,8
URU,Tennis,23710,1
USA,Tennis,23711,20
UZB,Tennis,23712,1
AUS,Trampolining,23784,1
BLR,Trampolining,23785,3
BRA,Trampolining,23786,1
CAN,Trampolining,23787,2
CHN,Trampolining,23788,4
FRA,Trampolining,23789,2
GBR,Trampolining,23790,3
GEO,Trampolining,23791,1
GER,Trampolining,23792,1
JPN,Trampolining,23793,3
KAZ,Trampolining,23794,1
NZL,Trampolining,23795,1
POR,Trampolining,23796,2
RUS,Trampolining,23797,3
UKR,Trampolining,23798,1
USA,Trampolining,23799,2
UZB,Trampolining,23800,1
ARG,Triathlon,23944,2
AUS,Triathlon,23945,6
AUT,Triathlon,23946,3
AZE,Triathlon,23947,1
BAR,Triathlon,23948,1
BEL,Triathlon,23949,4
BER,Triathlon,23950,1
BRA,Triathlon,23951,2
CAN,Triathlon,23952,5
CHI,Triathlon,23953,1
CHN,Triathlon,23954,2
CRC,Triathlon,23955,1
CZE,Triathlon,23956,1
DEN,Triathlon,23957,1
ECU,Triathlon,23958,1
ESP,Triathlon,23959,6
EST,Triathlon,23960,1
FRA,Triathlon,23961,5
GBR,Triathlon,23962,6
GER,Triathlon,23963,2
HUN,Triathlon,23964,4
IRL,Triathlon,23965,2
ISR,Triathlon,23966,1
ITA,Triathlon,23967,4
JOR,Triathlon,23968,1
JPN,Triathlon,23969,4
MEX,Triathlon,23970,5
MRI,Triathlon,23971,1
NED,Triathlon,23972,1
NOR,Triathlon,23973,1
NZL,Triathlon,23974,4
POL,Triathlon,23975,1
POR,Triathlon,23976,3
PUR,Triathlon,23977,1
RSA,Triathlon,23978,4
RUS,Triathlon,23979,6
SLO,Triathlon,23980,1
SUI,Triathlon,23981,4
SVK,Triathlon,23982,1
SWE,Triathlon,23983,1
UKR,Triathlon,23984,2
USA,Triathlon,23985,6
ARG,Volleyball,24198,24
BRA,Volleyball,24199,24
CAN,Volleyball,24200,12
CHN,Volleyball,24201,12
CMR,Volleyball,24202,10
CUB,Volleyball,24203,11
EGY,Volleyball,24204,12
FRA,Volleyball,24205,10
IRI,Volleyball,24206,12
ITA,Volleyball,24207,24
JPN,Volleyball,24208,12
KOR,Volleyball,24209,12
MEX,Volleyball,24210,12
NED,Volleyball,24211,12
POL,Volleyball,24212,12
PUR,Volleyball,24213,12
RUS,Volleyball,24214,24
SRB,Volleyball,24215,12
USA,Volleyball,24216,24
AUS,Water Polo,24528,26
BRA,Water Polo,24529,26
CHN,Water Polo,24530,13
CRO,Water Polo,24531,13
ESP,Water Polo,24532,26
FRA,Water Polo,24533,12
GRE,Water Polo,24534,13
HUN,Water Polo,24535,26
ITA,Water Polo,24536,26
JPN,Water Polo,24537,12
MNE,Water Polo,24538,13
RUS,Water Polo,24539,13
SRB,Water Polo,24540,13
USA,Water Polo,24541,26
ALB,Weightlifting,25602,2
ALG,Weightlifting,25603,2
ARG,Weightlifting,25604,1
ARM,Weightlifting,25605,7
ASA,Weightlifting,25606,1
AUS,Weightlifting,25607,2
AUT,Weightlifting,25608,1
BEL,Weightlifting,25609,1
BLR,Weightlifting,25610,8
BRA,Weightlifting,25611,5
CAN,Weightlifting,25612,2
CHI,Weightlifting,25613,2
CHN,Weightlifting,25614,10
CMR,Weightlifting,25615,2
COK,Weightlifting,25616,1
COL,Weightlifting,25617,9
CRO,Weightlifting,25618,1
CUB,Weightlifting,25619,2
CZE,Weightlifting,25620,1
DOM,Weightlifting,25621,3
ECU,Weightlifting,25622,3
EGY,Weightlifting,25623,9
ESA,Weightlifting,25624,1
ESP,Weightlifting,25625,4
EST,Weightlifting,25626,1
FIJ,Weightlifting,25627,2
FIN,Weightlifting,25628,2
FRA,Weightlifting,25629,5
GBR,Weightlifting,25630,2
GEO,Weightlifting,25631,4
GER,Weightlifting,25632,5
GHA,Weightlifting,25633,1
GRE,Weightlifting,25634,1
GUA,Weightlifting,25635,1
HAI,Weightlifting,25636,1
HON,Weightlifting,25637,1
HUN,Weightlifting,25638,1
INA,Weightlifting,25639,7
IND,Weightlifting,25640,2
IRI,Weightlifting,25641,5
IRQ,Weightlifting,25642,1
ISR,Weightlifting,25643,1
ITA,Weightlifting,25644,2
JPN,Weightlifting,25645,7
KAZ,Weightlifting,25646,8
KEN,Weightlifting,25647,1
KGZ,Weightlifting,25648,2
KIR,Weightlifting,25649,1
KOR,Weightlifting,25650,7
KSA,Weightlifting,25651,1
LAT,Weightlifting,25652,2
LTU,Weightlifting,25653,1
MAD,Weightlifting,25654,1
MAR,Weightlifting,25655,2
MAS,Weightlifting,25656,1
MDA,Weightlifting,25657,3
MEX,Weightlifting,25658,4
MGL,Weightlifting,25659,2
MHL,Weightlifting,25660,1
MLT,Weightlifting,25661,1
MRI,Weightlifting,25662,1
NCA,Weightlifting,25663,1
NGR,Weightlifting,25664,1
NRU,Weightlifting,25665,1
NZL,Weightlifting,25666,2
PER,Weightlifting,25667,2
PHI,Weightlifting,25668,2
PNG,Weightlifting,25669,1
POL,Weightlifting,25670,3
PRK,Weightlifting,25671,7
PUR,Weightlifting,25672,1
QAT,Weightlifting,25673,1
ROU,Weightlifting,25674,4
SAM,Weightlifting,25675,2
SEY,Weightlifting,25676,1
SOL,Weightlifting,25677,1
SRI,Weightlifting,25678,1
SVK,Weightlifting,25679,1
SWE,Weightlifting,25680,1
SYR,Weightlifting,25681,1
THA,Weightlifting,25682,9
TKM,Weightlifting,25683,2
TPE,Weightlifting,25684,6
TUN,Weightlifting,25685,2
TUR,Weightlifting,25686,4
UAE,Weightlifting,25687,1
UKR,Weightlifting,25688,8
URU,Weightlifting,25689,1
USA,Weightlifting,25690,4
UZB,Weightlifting,25691,5
VEN,Weightlifting,25692,4
VIE,Weightlifting,25693,4
ALG,Wrestling,26720,3
ARG,Wrestling,26721,1
ARM,Wrestling,26722,8
AUS,Wrestling,26723,3
AUT,Wrestling,26724,1
AZE,Wrestling,26725,14
BLR,Wrestling,26726,8
BRA,Wrestling,26727,5
BRN,Wrestling,26728,1
BUL,Wrestling,26729,11
CAM,Wrestling,26730,1
CAN,Wrestling,26731,8
CHN,Wrestling,26732,13
CMR,Wrestling,26733,3
COL,Wrestling,26734,5
CRO,Wrestling,26735,1
CUB,Wrestling,26736,10
CZE,Wrestling,26737,1
DEN,Wrestling,26738,1
ECU,Wrestling,26739,2
EGY,Wrestling,26740,10
ESP,Wrestling,26741,1
EST,Wrestling,26742,3
FIN,Wrestling,26743,3
FRA,Wrestling,26744,2
GBS,Wrestling,26745,2
GEO,Wrestling,26746,11
GER,Wrestling,26747,7
GRE,Wrestling,26748,1
HAI,Wrestling,26749,1
HUN,Wrestling,26750,8
IND,Wrestling,26751,7
IRI,Wrestling,26752,12
ISR,Wrestling,26753,1
ITA,Wrestling,26754,2
JPN,Wrestling,26755,10
KAZ,Wrestling,26756,12
KGZ,Wrestling,26757,7
KOR,Wrestling,26758,5
LAT,Wrestling,26759,1
LTU,Wrestling,26760,1
MAR,Wrestling,26761,3
MDA,Wrestling,26762,3
MEX,Wrestling,26763,1
MGL,Wrestling,26764,10
NED,Wrestling,26765,1
NGR,Wrestling,26766,7
NOR,Wrestling,26767,2
PER,Wrestling,26768,1
PLW,Wrestling,26769,1
POL,Wrestling,26770,8
PRK,Wrestling,26771,4
PUR,Wrestling,26772,2
ROU,Wrestling,26773,5
RUS,Wrestling,26774,17
SEN,Wrestling,26775,2
SRB,Wrestling,26776,3
SWE,Wrestling,26777,7
TPE,Wrestling,26778,1
TUN,Wrestling,26779,4
TUR,Wrestling,26780,14
UKR,Wrestling,26781,11
USA,Wrestling,26782,14
UZB,Wrestling,26783,8
VEN,Wrestling,26784,9
VIE,Wrestling,26785,1
