,NOC,Sport,count
0,AFG,Athletics,22
1,AFG,Boxing,5
2,AFG,Football,11
3,AFG,Hockey,39
4,AFG,Judo,3
5,AFG,Taekwondo,4
6,AFG,Wrestling,42
7,AHO,Athletics,14
8,AHO,Bobsleigh,4
9,AHO,Equestrianism,2
10,AHO,Fencing,4
11,AHO,Football,11
12,AHO,Judo,3
13,AHO,Luge,1
14,AHO,Sailing,6
15,AHO,Shooting,7
16,AHO,Swimming,11
17,AHO,Synchronized Swimming,4
18,AHO,Triathlon,1
19,AHO,Weightlifting,11
20,ALB,Alpine Skiing,7
21,ALB,Athletics,12
22,ALB,Cycling,1
23,ALB,Judo,2
24,ALB,Shooting,16
25,ALB,Swimming,11
26,ALB,Weightlifting,17
27,ALB,Wrestling,4
28,ALG,Alpine Skiing,10
29,ALG,Athletics,139
30,ALG,Badminton,1
31,ALG,Boxing,69
32,ALG,Cross Country Skiing,2
33,ALG,Cycling,6
34,ALG,Fencing,21
35,ALG,Football,32
36,ALG,Gymnastics,24
37,ALG,Handball,59
38,ALG,Judo,52
39,ALG,Rowing,10
40,ALG,Sailing,3
41,ALG,Shooting,2
42,ALG,Swimming,38
43,ALG,Table Tennis,10
44,ALG,Taekwondo,1
45,ALG,Tennis,2
46,ALG,Trampolining,1
47,ALG,Volleyball,31
48,ALG,Weightlifting,19
49,ALG,Wrestling,19
50,AND,Alpine Skiing,105
51,AND,Athletics,13
52,AND,Biathlon,2
53,AND,Boxing,1
54,AND,Canoeing,1
55,AND,Cross Country Skiing,7
56,AND,Cycling,5
57,AND,Judo,6
58,AND,Sailing,5
59,AND,Shooting,12
60,AND,Snowboarding,2
61,AND,Swimming,10
62,ANG,Athletics,29
63,ANG,Basketball,71
64,ANG,Beach Volleyball,2
65,ANG,Boxing,7
66,ANG,Canoeing,6
67,ANG,Handball,84
68,ANG,Judo,14
69,ANG,Rowing,2
70,ANG,Sailing,6
71,ANG,Shooting,3
72,ANG,Swimming,43
73,ANT,Athletics,96
74,ANT,Boxing,2
75,ANT,Canoeing,3
76,ANT,Cycling,17
77,ANT,Sailing,9
78,ANT,Swimming,6
79,ANZ,Athletics,22
80,ANZ,Boxing,1
81,ANZ,Diving,1
82,ANZ,Rowing,10
83,ANZ,Rugby,15
84,ANZ,Shooting,3
85,ANZ,Swimming,33
86,ANZ,Tennis,1
87,ARG,Alpine Skiing,262
88,ARG,Archery,2
89,ARG,Art Competitions,2
90,ARG,Athletics,247
91,ARG,Basketball,88
92,ARG,Beach Volleyball,14
93,ARG,Biathlon,40
94,ARG,Bobsleigh,29
95,ARG,Boxing,133
96,ARG,Canoeing,49
97,ARG,Cross Country Skiing,41
98,ARG,Cycling,179
99,ARG,Diving,9
100,ARG,Equestrianism,156
101,ARG,Fencing,239
102,ARG,Figure Skating,1
103,ARG,Football,142
104,ARG,Freestyle Skiing,3
105,ARG,Golf,2
106,ARG,Gymnastics,133
107,ARG,Handball,44
108,ARG,Hockey,286
109,ARG,Judo,65
110,ARG,Luge,7
111,ARG,Modern Pentathlon,18
112,ARG,Polo,9
113,ARG,Rowing,184
114,ARG,Rugby Sevens,13
115,ARG,Sailing,178
116,ARG,Shooting,120
117,ARG,Skeleton,1
118,ARG,Snowboarding,1
119,ARG,Swimming,254
120,ARG,Synchronized Swimming,4
121,ARG,Table Tennis,14
122,ARG,Taekwondo,7
123,ARG,Tennis,89
124,ARG,Triathlon,6
125,ARG,Volleyball,94
126,ARG,Water Polo,28
127,ARG,Weightlifting,36
128,ARG,Wrestling,68
129,ARM,Alpine Skiing,11
130,ARM,Athletics,18
131,ARM,Bobsleigh,4
132,ARM,Boxing,18
133,ARM,Canoeing,2
134,ARM,Cross Country Skiing,22
135,ARM,Cycling,1
136,ARM,Diving,3
137,ARM,Figure Skating,9
138,ARM,Freestyle Skiing,1
139,ARM,Gymnastics,20
140,ARM,Judo,8
141,ARM,Shooting,9
142,ARM,Swimming,8
143,ARM,Taekwondo,1
144,ARM,Tennis,3
145,ARM,Weightlifting,36
146,ARM,Wrestling,47
147,ARU,Athletics,9
148,ARU,Boxing,2
149,ARU,Cycling,3
150,ARU,Fencing,2
151,ARU,Judo,5
152,ARU,Sailing,4
153,ARU,Swimming,9
154,ARU,Synchronized Swimming,4
155,ARU,Taekwondo,1
156,ARU,Weightlifting,3
157,ASA,Archery,1
158,ASA,Athletics,11
159,ASA,Bobsleigh,2
160,ASA,Boxing,5
161,ASA,Judo,3
162,ASA,Sailing,2
163,ASA,Swimming,4
164,ASA,Weightlifting,7
165,ASA,Wrestling,2
166,AUS,Alpine Skiing,141
167,AUS,Alpinism,1
168,AUS,Archery,73
169,AUS,Art Competitions,3
170,AUS,Athletics,994
171,AUS,Badminton,57
172,AUS,Baseball,68
173,AUS,Basketball,262
174,AUS,Beach Volleyball,36
175,AUS,Biathlon,22
176,AUS,Bobsleigh,41
177,AUS,Boxing,125
178,AUS,Canoeing,242
179,AUS,Cross Country Skiing,61
180,AUS,Cycling,428
181,AUS,Diving,152
182,AUS,Equestrianism,231
183,AUS,Fencing,147
184,AUS,Figure Skating,39
185,AUS,Football,161
186,AUS,Freestyle Skiing,60
187,AUS,Golf,4
188,AUS,Gymnastics,513
189,AUS,Handball,30
190,AUS,Hockey,381
191,AUS,Ice Hockey,17
192,AUS,Judo,87
193,AUS,Luge,5
194,AUS,Modern Pentathlon,53
195,AUS,Nordic Combined,1
196,AUS,Rhythmic Gymnastics,7
197,AUS,Rowing,509
198,AUS,Rugby Sevens,25
199,AUS,Sailing,210
200,AUS,Shooting,244
201,AUS,Short Track Speed Skating,54
202,AUS,Skeleton,8
203,AUS,Snowboarding,33
204,AUS,Softball,60
205,AUS,Speed Skating,63
206,AUS,Swimming,1235
207,AUS,Synchronized Swimming,57
208,AUS,Table Tennis,72
209,AUS,Taekwondo,22
210,AUS,Tennis,93
211,AUS,Trampolining,6
212,AUS,Triathlon,29
213,AUS,Volleyball,48
214,AUS,Water Polo,249
215,AUS,Weightlifting,78
216,AUS,Wrestling,101
217,AUT,Alpine Skiing,556
218,AUT,Archery,4
219,AUT,Art Competitions,199
220,AUT,Athletics,327
221,AUT,Badminton,9
222,AUT,Beach Volleyball,20
223,AUT,Biathlon,167
224,AUT,Bobsleigh,198
225,AUT,Boxing,37
226,AUT,Canoeing,120
227,AUT,Cross Country Skiing,241
228,AUT,Cycling,214
229,AUT,Diving,75
230,AUT,Equestrianism,110
231,AUT,Fencing,215
232,AUT,Figure Skating,101
233,AUT,Football,50
234,AUT,Freestyle Skiing,25
235,AUT,Golf,2
236,AUT,Gymnastics,365
237,AUT,Handball,66
238,AUT,Hockey,55
239,AUT,Ice Hockey,241
240,AUT,Judo,53
241,AUT,Luge,136
242,AUT,Modern Pentathlon,37
243,AUT,Nordic Combined,107
244,AUT,Rhythmic Gymnastics,6
245,AUT,Rowing,132
246,AUT,Sailing,127
247,AUT,Shooting,182
248,AUT,Short Track Speed Skating,5
249,AUT,Skeleton,11
250,AUT,Ski Jumping,167
251,AUT,Snowboarding,72
252,AUT,Speed Skating,163
253,AUT,Swimming,209
254,AUT,Synchronized Swimming,14
255,AUT,Table Tennis,55
256,AUT,Taekwondo,3
257,AUT,Tennis,39
258,AUT,Triathlon,13
259,AUT,Tug-Of-War,8
260,AUT,Water Polo,28
261,AUT,Weightlifting,82
262,AUT,Wrestling,95
263,AZE,Alpine Skiing,7
264,AZE,Archery,1
265,AZE,Athletics,21
266,AZE,Boxing,37
267,AZE,Canoeing,7
268,AZE,Cycling,6
269,AZE,Diving,2
270,AZE,Equestrianism,2
271,AZE,Fencing,4
272,AZE,Figure Skating,11
273,AZE,Gymnastics,18
274,AZE,Judo,29
275,AZE,Rhythmic Gymnastics,11
276,AZE,Rowing,4
277,AZE,Shooting,14
278,AZE,Swimming,11
279,AZE,Taekwondo,9
280,AZE,Triathlon,1
281,AZE,Weightlifting,21
282,AZE,Wrestling,67
283,BAH,Athletics,251
284,BAH,Boxing,7
285,BAH,Cycling,2
286,BAH,Diving,1
287,BAH,Rowing,1
288,BAH,Sailing,54
289,BAH,Swimming,43
290,BAH,Tennis,13
291,BAH,Wrestling,2
292,BAN,Archery,2
293,BAN,Athletics,28
294,BAN,Golf,1
295,BAN,Gymnastics,3
296,BAN,Shooting,8
297,BAN,Swimming,13
298,BAR,Athletics,109
299,BAR,Boxing,9
300,BAR,Cycling,24
301,BAR,Diving,1
302,BAR,Gymnastics,7
303,BAR,Judo,5
304,BAR,Sailing,15
305,BAR,Shooting,8
306,BAR,Swimming,36
307,BAR,Synchronized Swimming,1
308,BAR,Tennis,1
309,BAR,Triathlon,1
310,BAR,Weightlifting,2
311,BDI,Athletics,30
312,BDI,Judo,2
313,BDI,Swimming,7
314,BEL,Alpine Skiing,48
315,BEL,Archery,81
316,BEL,Art Competitions,171
317,BEL,Athletics,519
318,BEL,Badminton,6
319,BEL,Basketball,34
320,BEL,Beach Volleyball,2
321,BEL,Bobsleigh,56
322,BEL,Boxing,57
323,BEL,Canoeing,96
324,BEL,Cycling,340
325,BEL,Diving,12
326,BEL,Equestrianism,206
327,BEL,Fencing,344
328,BEL,Figure Skating,23
329,BEL,Football,67
330,BEL,Freestyle Skiing,1
331,BEL,Golf,3
332,BEL,Gymnastics,200
333,BEL,Hockey,228
334,BEL,Ice Hockey,40
335,BEL,Judo,55
336,BEL,Modern Pentathlon,15
337,BEL,Polo,4
338,BEL,Rhythmic Gymnastics,4
339,BEL,Rowing,180
340,BEL,Sailing,93
341,BEL,Shooting,217
342,BEL,Short Track Speed Skating,31
343,BEL,Snowboarding,1
344,BEL,Speed Skating,50
345,BEL,Swimming,279
346,BEL,Synchronized Swimming,5
347,BEL,Table Tennis,14
348,BEL,Taekwondo,4
349,BEL,Tennis,80
350,BEL,Triathlon,12
351,BEL,Tug-Of-War,8
352,BEL,Volleyball,12
353,BEL,Water Polo,100
354,BEL,Weightlifting,46
355,BEL,Wrestling,113
356,BEN,Athletics,42
357,BEN,Boxing,13
358,BEN,Cycling,2
359,BEN,Fencing,1
360,BEN,Judo,3
361,BEN,Swimming,7
362,BEN,Taekwondo,2
363,BEN,Tennis,1
364,BER,Athletics,62
365,BER,Boxing,4
366,BER,Cross Country Skiing,2
367,BER,Cycling,4
368,BER,Diving,4
369,BER,Equestrianism,11
370,BER,Luge,4
371,BER,Rowing,2
372,BER,Sailing,61
373,BER,Skeleton,1
374,BER,Swimming,51
375,BER,Tennis,1
376,BER,Triathlon,5
377,BHU,Archery,34
378,BHU,Shooting,2
379,BIH,Alpine Skiing,29
380,BIH,Athletics,21
381,BIH,Biathlon,8
382,BIH,Bobsleigh,12
383,BIH,Canoeing,3
384,BIH,Cross Country Skiing,9
385,BIH,Judo,7
386,BIH,Luge,3
387,BIH,Shooting,19
388,BIH,Swimming,15
389,BIH,Table Tennis,2
390,BIH,Taekwondo,1
391,BIH,Tennis,3
392,BIH,Weightlifting,1
393,BIH,Wrestling,1
394,BIZ,Athletics,38
395,BIZ,Boxing,1
396,BIZ,Cycling,27
397,BIZ,Judo,2
398,BIZ,Shooting,6
399,BIZ,Taekwondo,1
400,BIZ,Weightlifting,1
401,BLR,Alpine Skiing,14
402,BLR,Archery,10
403,BLR,Athletics,246
404,BLR,Badminton,6
405,BLR,Basketball,22
406,BLR,Biathlon,185
407,BLR,Boxing,22
408,BLR,Canoeing,60
409,BLR,Cross Country Skiing,182
410,BLR,Cycling,38
411,BLR,Diving,19
412,BLR,Equestrianism,6
413,BLR,Fencing,24
414,BLR,Figure Skating,10
415,BLR,Football,16
416,BLR,Freestyle Skiing,33
417,BLR,Gymnastics,236
418,BLR,Ice Hockey,69
419,BLR,Judo,24
420,BLR,Modern Pentathlon,14
421,BLR,Nordic Combined,5
422,BLR,Rhythmic Gymnastics,47
423,BLR,Rowing,66
424,BLR,Sailing,19
425,BLR,Shooting,87
426,BLR,Short Track Speed Skating,7
427,BLR,Ski Jumping,12
428,BLR,Speed Skating,24
429,BLR,Swimming,91
430,BLR,Synchronized Swimming,8
431,BLR,Table Tennis,28
432,BLR,Tennis,30
433,BLR,Trampolining,12
434,BLR,Weightlifting,48
435,BLR,Wrestling,67
436,BOH,Art Competitions,1
437,BOH,Athletics,39
438,BOH,Cycling,11
439,BOH,Fencing,51
440,BOH,Gymnastics,7
441,BOH,Rowing,1
442,BOH,Shooting,5
443,BOH,Tennis,28
444,BOH,Wrestling,10
445,BOL,Alpine Skiing,31
446,BOL,Art Competitions,1
447,BOL,Athletics,39
448,BOL,Boxing,1
449,BOL,Canoeing,2
450,BOL,Cycling,10
451,BOL,Diving,2
452,BOL,Equestrianism,3
453,BOL,Fencing,4
454,BOL,Gymnastics,5
455,BOL,Judo,6
456,BOL,Shooting,20
457,BOL,Swimming,23
458,BOL,Tennis,1
459,BOL,Weightlifting,3
460,BOL,Wrestling,1
461,BOT,Athletics,74
462,BOT,Boxing,10
463,BOT,Judo,1
464,BOT,Sailing,1
465,BOT,Swimming,4
466,BRA,Alpine Skiing,33
467,BRA,Archery,21
468,BRA,Art Competitions,1
469,BRA,Athletics,519
470,BRA,Badminton,2
471,BRA,Basketball,255
472,BRA,Beach Volleyball,48
473,BRA,Biathlon,2
474,BRA,Bobsleigh,14
475,BRA,Boxing,80
476,BRA,Canoeing,49
477,BRA,Cross Country Skiing,8
478,BRA,Cycling,95
479,BRA,Diving,46
480,BRA,Equestrianism,170
481,BRA,Fencing,94
482,BRA,Figure Skating,1
483,BRA,Football,306
484,BRA,Freestyle Skiing,1
485,BRA,Golf,3
486,BRA,Gymnastics,201
487,BRA,Handball,144
488,BRA,Hockey,16
489,BRA,Judo,120
490,BRA,Luge,2
491,BRA,Modern Pentathlon,31
492,BRA,Rhythmic Gymnastics,26
493,BRA,Rowing,137
494,BRA,Rugby Sevens,25
495,BRA,Sailing,181
496,BRA,Shooting,122
497,BRA,Snowboarding,3
498,BRA,Swimming,507
499,BRA,Synchronized Swimming,33
500,BRA,Table Tennis,56
501,BRA,Taekwondo,13
502,BRA,Tennis,43
503,BRA,Trampolining,1
504,BRA,Triathlon,20
505,BRA,Volleyball,285
506,BRA,Water Polo,96
507,BRA,Weightlifting,25
508,BRA,Wrestling,13
509,BRN,Athletics,73
510,BRN,Cycling,7
511,BRN,Fencing,7
512,BRN,Modern Pentathlon,12
513,BRN,Sailing,5
514,BRN,Shooting,9
515,BRN,Swimming,12
516,BRN,Wrestling,1
517,BRU,Athletics,6
518,BRU,Badminton,1
519,BRU,Shooting,2
520,BRU,Swimming,1
521,BUL,Alpine Skiing,143
522,BUL,Archery,7
523,BUL,Art Competitions,5
524,BUL,Athletics,306
525,BUL,Badminton,32
526,BUL,Basketball,85
527,BUL,Beach Volleyball,4
528,BUL,Biathlon,139
529,BUL,Bobsleigh,20
530,BUL,Boxing,99
531,BUL,Canoeing,133
532,BUL,Cross Country Skiing,176
533,BUL,Cycling,81
534,BUL,Diving,5
535,BUL,Equestrianism,75
536,BUL,Fencing,46
537,BUL,Figure Skating,18
538,BUL,Football,69
539,BUL,Gymnastics,974
540,BUL,Ice Hockey,18
541,BUL,Judo,27
542,BUL,Luge,12
543,BUL,Modern Pentathlon,28
544,BUL,Nordic Combined,1
545,BUL,Rhythmic Gymnastics,48
546,BUL,Rowing,176
547,BUL,Sailing,11
548,BUL,Shooting,141
549,BUL,Short Track Speed Skating,31
550,BUL,Ski Jumping,23
551,BUL,Snowboarding,8
552,BUL,Swimming,124
553,BUL,Synchronized Swimming,2
554,BUL,Table Tennis,3
555,BUL,Tennis,16
556,BUL,Volleyball,106
557,BUL,Water Polo,22
558,BUL,Weightlifting,93
559,BUL,Wrestling,223
560,BUR,Athletics,26
561,BUR,Boxing,4
562,BUR,Fencing,1
563,BUR,Judo,6
564,BUR,Swimming,7
565,CAF,Archery,1
566,CAF,Athletics,29
567,CAF,Basketball,12
568,CAF,Boxing,6
569,CAF,Cycling,7
570,CAF,Judo,4
571,CAF,Swimming,3
572,CAF,Taekwondo,4
573,CAF,Wrestling,1
574,CAM,Athletics,17
575,CAM,Boxing,5
576,CAM,Cycling,8
577,CAM,Equestrianism,2
578,CAM,Judo,1
579,CAM,Sailing,3
580,CAM,Swimming,23
581,CAM,Taekwondo,2
582,CAM,Wrestling,2
583,CAN,Alpine Skiing,419
584,CAN,Archery,46
585,CAN,Art Competitions,83
586,CAN,Athletics,1153
587,CAN,Badminton,61
588,CAN,Baseball,48
589,CAN,Basketball,178
590,CAN,Beach Volleyball,26
591,CAN,Biathlon,152
592,CAN,Bobsleigh,169
593,CAN,Boxing,141
594,CAN,Canoeing,300
595,CAN,Cross Country Skiing,371
596,CAN,Curling,48
597,CAN,Cycling,322
598,CAN,Diving,156
599,CAN,Equestrianism,260
600,CAN,Fencing,258
601,CAN,Figure Skating,228
602,CAN,Football,95
603,CAN,Freestyle Skiing,103
604,CAN,Golf,7
605,CAN,Gymnastics,705
606,CAN,Handball,28
607,CAN,Hockey,155
608,CAN,Ice Hockey,469
609,CAN,Judo,81
610,CAN,Lacrosse,36
611,CAN,Luge,91
612,CAN,Modern Pentathlon,29
613,CAN,Nordic Combined,22
614,CAN,Rhythmic Gymnastics,15
615,CAN,Rowing,559
616,CAN,Rugby Sevens,12
617,CAN,Sailing,212
618,CAN,Shooting,223
619,CAN,Short Track Speed Skating,153
620,CAN,Skeleton,20
621,CAN,Ski Jumping,115
622,CAN,Snowboarding,88
623,CAN,Softball,60
624,CAN,Speed Skating,433
625,CAN,Swimming,995
626,CAN,Synchronized Swimming,67
627,CAN,Table Tennis,45
628,CAN,Taekwondo,10
629,CAN,Tennis,57
630,CAN,Trampolining,13
631,CAN,Triathlon,25
632,CAN,Volleyball,84
633,CAN,Water Polo,74
634,CAN,Weightlifting,59
635,CAN,Wrestling,174
636,CAY,Alpine Skiing,3
637,CAY,Athletics,17
638,CAY,Cycling,31
639,CAY,Sailing,16
640,CAY,Swimming,16
641,CGO,Athletics,58
642,CGO,Boxing,5
643,CGO,Fencing,1
644,CGO,Handball,14
645,CGO,Judo,7
646,CGO,Swimming,12
647,CGO,Table Tennis,8
648,CHA,Athletics,37
649,CHA,Boxing,1
650,CHA,Judo,3
651,CHI,Alpine Skiing,162
652,CHI,Archery,3
653,CHI,Athletics,167
654,CHI,Basketball,43
655,CHI,Beach Volleyball,2
656,CHI,Biathlon,8
657,CHI,Boxing,38
658,CHI,Canoeing,2
659,CHI,Cross Country Skiing,1
660,CHI,Cycling,88
661,CHI,Diving,4
662,CHI,Equestrianism,51
663,CHI,Fencing,45
664,CHI,Football,53
665,CHI,Freestyle Skiing,2
666,CHI,Golf,1
667,CHI,Gymnastics,12
668,CHI,Judo,6
669,CHI,Modern Pentathlon,23
670,CHI,Rowing,31
671,CHI,Sailing,27
672,CHI,Shooting,53
673,CHI,Swimming,28
674,CHI,Table Tennis,31
675,CHI,Taekwondo,3
676,CHI,Tennis,21
677,CHI,Triathlon,5
678,CHI,Water Polo,8
679,CHI,Weightlifting,6
680,CHI,Wrestling,1
681,CHN,Alpine Skiing,32
682,CHN,Archery,98
683,CHN,Art Competitions,5
684,CHN,Athletics,457
685,CHN,Badminton,129
686,CHN,Baseball,24
687,CHN,Basketball,223
688,CHN,Beach Volleyball,20
689,CHN,Biathlon,129
690,CHN,Boxing,50
691,CHN,Canoeing,111
692,CHN,Cross Country Skiing,136
693,CHN,Curling,17
694,CHN,Cycling,96
695,CHN,Diving,112
696,CHN,Equestrianism,11
697,CHN,Fencing,227
698,CHN,Figure Skating,70
699,CHN,Football,129
700,CHN,Freestyle Skiing,39
701,CHN,Golf,4
702,CHN,Gymnastics,641
703,CHN,Handball,81
704,CHN,Hockey,97
705,CHN,Ice Hockey,58
706,CHN,Judo,82
707,CHN,Modern Pentathlon,19
708,CHN,Rhythmic Gymnastics,35
709,CHN,Rowing,170
710,CHN,Sailing,60
711,CHN,Shooting,236
712,CHN,Short Track Speed Skating,140
713,CHN,Ski Jumping,8
714,CHN,Snowboarding,13
715,CHN,Softball,60
716,CHN,Speed Skating,176
717,CHN,Swimming,506
718,CHN,Synchronized Swimming,72
719,CHN,Table Tennis,100
720,CHN,Taekwondo,16
721,CHN,Tennis,51
722,CHN,Trampolining,14
723,CHN,Triathlon,11
724,CHN,Volleyball,126
725,CHN,Water Polo,76
726,CHN,Weightlifting,93
727,CHN,Wrestling,81
728,CIV,Archery,2
729,CIV,Athletics,100
730,CIV,Boxing,8
731,CIV,Canoeing,20
732,CIV,Fencing,1
733,CIV,Football,16
734,CIV,Handball,14
735,CIV,Judo,11
736,CIV,Swimming,8
737,CIV,Taekwondo,8
738,CIV,Tennis,3
739,CIV,Wrestling,2
740,CMR,Athletics,97
741,CMR,Boxing,42
742,CMR,Cross Country Skiing,2
743,CMR,Cycling,28
744,CMR,Football,67
745,CMR,Judo,22
746,CMR,Rowing,2
747,CMR,Swimming,5
748,CMR,Table Tennis,2
749,CMR,Volleyball,10
750,CMR,Weightlifting,11
751,CMR,Wrestling,24
752,COD,Athletics,34
753,COD,Basketball,12
754,COD,Boxing,14
755,COD,Cycling,18
756,COD,Judo,9
757,COD,Swimming,1
758,COD,Table Tennis,4
759,COD,Taekwondo,1
760,COK,Athletics,14
761,COK,Boxing,3
762,COK,Canoeing,5
763,COK,Sailing,5
764,COK,Swimming,5
765,COK,Weightlifting,8
766,COL,Alpine Skiing,2
767,COL,Archery,17
768,COL,Art Competitions,1
769,COL,Athletics,208
770,COL,Boxing,47
771,COL,Cycling,193
772,COL,Diving,24
773,COL,Equestrianism,19
774,COL,Fencing,62
775,COL,Football,120
776,COL,Golf,1
777,COL,Gymnastics,37
778,COL,Judo,12
779,COL,Rowing,1
780,COL,Rugby Sevens,12
781,COL,Sailing,6
782,COL,Shooting,63
783,COL,Swimming,123
784,COL,Synchronized Swimming,2
785,COL,Table Tennis,3
786,COL,Taekwondo,9
787,COL,Tennis,15
788,COL,Triathlon,3
789,COL,Tug-Of-War,1
790,COL,Weightlifting,65
791,COL,Wrestling,23
792,COM,Athletics,14
793,COM,Swimming,4
794,COM,Weightlifting,1
795,CPV,Athletics,11
796,CPV,Boxing,2
797,CPV,Judo,1
798,CPV,Rhythmic Gymnastics,3
799,CPV,Taekwondo,1
800,CRC,Alpine Skiing,15
801,CRC,Archery,5
802,CRC,Athletics,41
803,CRC,Beach Volleyball,2
804,CRC,Biathlon,2
805,CRC,Boxing,3
806,CRC,Canoeing,6
807,CRC,Cross Country Skiing,7
808,CRC,Cycling,20
809,CRC,Diving,2
810,CRC,Fencing,2
811,CRC,Football,47
812,CRC,Judo,16
813,CRC,Shooting,25
814,CRC,Swimming,60
815,CRC,Taekwondo,3
816,CRC,Tennis,1
817,CRC,Triathlon,3
818,CRC,Weightlifting,4
819,CRO,Alpine Skiing,93
820,CRO,Athletics,64
821,CRO,Basketball,58
822,CRO,Biathlon,9
823,CRO,Bobsleigh,14
824,CRO,Boxing,8
825,CRO,Canoeing,26
826,CRO,Cross Country Skiing,46
827,CRO,Cycling,8
828,CRO,Diving,1
829,CRO,Equestrianism,2
830,CRO,Fencing,1
831,CRO,Figure Skating,5
832,CRO,Gymnastics,25
833,CRO,Handball,89
834,CRO,Judo,3
835,CRO,Rowing,46
836,CRO,Sailing,44
837,CRO,Shooting,47
838,CRO,Skeleton,1
839,CRO,Snowboarding,1
840,CRO,Swimming,106
841,CRO,Table Tennis,36
842,CRO,Taekwondo,10
843,CRO,Tennis,37
844,CRO,Volleyball,11
845,CRO,Water Polo,77
846,CRO,Weightlifting,3
847,CRO,Wrestling,5
848,CRT,Athletics,10
849,CRT,Shooting,1
850,CUB,Archery,8
851,CUB,Art Competitions,3
852,CUB,Athletics,442
853,CUB,Badminton,1
854,CUB,Baseball,112
855,CUB,Basketball,121
856,CUB,Beach Volleyball,14
857,CUB,Boxing,126
858,CUB,Canoeing,52
859,CUB,Cycling,70
860,CUB,Diving,33
861,CUB,Fencing,180
862,CUB,Football,29
863,CUB,Gymnastics,386
864,CUB,Handball,27
865,CUB,Hockey,16
866,CUB,Judo,94
867,CUB,Modern Pentathlon,3
868,CUB,Rowing,131
869,CUB,Sailing,19
870,CUB,Shooting,94
871,CUB,Softball,15
872,CUB,Swimming,53
873,CUB,Synchronized Swimming,2
874,CUB,Table Tennis,18
875,CUB,Taekwondo,13
876,CUB,Volleyball,170
877,CUB,Water Polo,57
878,CUB,Weightlifting,67
879,CUB,Wrestling,123
880,CYP,Alpine Skiing,47
881,CYP,Archery,2
882,CYP,Athletics,67
883,CYP,Cycling,4
884,CYP,Gymnastics,6
885,CYP,Judo,12
886,CYP,Rhythmic Gymnastics,3
887,CYP,Sailing,25
888,CYP,Shooting,23
889,CYP,Swimming,31
890,CYP,Tennis,2
891,CYP,Weightlifting,1
892,CYP,Wrestling,2
893,CZE,Alpine Skiing,116
894,CZE,Archery,2
895,CZE,Athletics,183
896,CZE,Badminton,6
897,CZE,Basketball,36
898,CZE,Beach Volleyball,18
899,CZE,Biathlon,177
900,CZE,Bobsleigh,49
901,CZE,Boxing,7
902,CZE,Canoeing,105
903,CZE,Cross Country Skiing,206
904,CZE,Cycling,76
905,CZE,Diving,1
906,CZE,Equestrianism,2
907,CZE,Fencing,3
908,CZE,Figure Skating,25
909,CZE,Football,16
910,CZE,Freestyle Skiing,19
911,CZE,Golf,1
912,CZE,Gymnastics,50
913,CZE,Ice Hockey,134
914,CZE,Judo,16
915,CZE,Luge,18
916,CZE,Modern Pentathlon,12
917,CZE,Nordic Combined,62
918,CZE,Rhythmic Gymnastics,3
919,CZE,Rowing,59
920,CZE,Sailing,19
921,CZE,Shooting,95
922,CZE,Short Track Speed Skating,12
923,CZE,Skeleton,1
924,CZE,Ski Jumping,72
925,CZE,Snowboarding,15
926,CZE,Speed Skating,14
927,CZE,Swimming,102
928,CZE,Synchronized Swimming,10
929,CZE,Table Tennis,22
930,CZE,Tennis,72
931,CZE,Trampolining,3
932,CZE,Triathlon,17
933,CZE,Weightlifting,7
934,CZE,Wrestling,11
935,DEN,Alpine Skiing,20
936,DEN,Archery,27
937,DEN,Art Competitions,104
938,DEN,Athletics,257
939,DEN,Badminton,104
940,DEN,Biathlon,2
941,DEN,Boxing,84
942,DEN,Canoeing,124
943,DEN,Cross Country Skiing,33
944,DEN,Curling,36
945,DEN,Cycling,323
946,DEN,Diving,29
947,DEN,Equestrianism,140
948,DEN,Fencing,229
949,DEN,Figure Skating,7
950,DEN,Football,151
951,DEN,Freestyle Skiing,3
952,DEN,Golf,4
953,DEN,Gymnastics,295
954,DEN,Handball,159
955,DEN,Hockey,69
956,DEN,Judo,2
957,DEN,Modern Pentathlon,25
958,DEN,Rhythmic Gymnastics,1
959,DEN,Rowing,282
960,DEN,Sailing,207
961,DEN,Shooting,286
962,DEN,Snowboarding,2
963,DEN,Speed Skating,9
964,DEN,Swimming,349
965,DEN,Table Tennis,10
966,DEN,Taekwondo,4
967,DEN,Tennis,54
968,DEN,Trampolining,3
969,DEN,Triathlon,7
970,DEN,Tug-Of-War,3
971,DEN,Weightlifting,26
972,DEN,Wrestling,100
973,DJI,Athletics,28
974,DJI,Judo,3
975,DJI,Sailing,4
976,DJI,Swimming,2
977,DJI,Table Tennis,1
978,DMA,Athletics,15
979,DMA,Cross Country Skiing,1
980,DMA,Swimming,3
981,DOM,Archery,1
982,DOM,Athletics,73
983,DOM,Baseball,20
984,DOM,Boxing,51
985,DOM,Cycling,1
986,DOM,Diving,5
987,DOM,Equestrianism,1
988,DOM,Gymnastics,2
989,DOM,Judo,27
990,DOM,Sailing,2
991,DOM,Shooting,9
992,DOM,Swimming,6
993,DOM,Synchronized Swimming,4
994,DOM,Table Tennis,15
995,DOM,Taekwondo,6
996,DOM,Tennis,2
997,DOM,Volleyball,24
998,DOM,Weightlifting,21
999,DOM,Wrestling,7
1000,ECU,Athletics,83
1001,ECU,Boxing,24
1002,ECU,Canoeing,2
1003,ECU,Cycling,26
1004,ECU,Diving,2
1005,ECU,Equestrianism,3
1006,ECU,Gymnastics,21
1007,ECU,Judo,17
1008,ECU,Rowing,1
1009,ECU,Sailing,1
1010,ECU,Shooting,16
1011,ECU,Swimming,46
1012,ECU,Table Tennis,1
1013,ECU,Taekwondo,1
1014,ECU,Tennis,6
1015,ECU,Triathlon,2
1016,ECU,Weightlifting,16
1017,ECU,Wrestling,9
1018,EGY,Alpine Skiing,3
1019,EGY,Archery,11
1020,EGY,Art Competitions,3
1021,EGY,Athletics,63
1022,EGY,Badminton,2
1023,EGY,Basketball,77
1024,EGY,Beach Volleyball,2
1025,EGY,Boxing,81
1026,EGY,Canoeing,4
1027,EGY,Cycling,13
1028,EGY,Diving,30
1029,EGY,Equestrianism,19
1030,EGY,Fencing,181
1031,EGY,Football,142
1032,EGY,Gymnastics,169
1033,EGY,Handball,88
1034,EGY,Hockey,32
1035,EGY,Judo,38
1036,EGY,Modern Pentathlon,30
1037,EGY,Rhythmic Gymnastics,2
1038,EGY,Rowing,50
1039,EGY,Sailing,3
1040,EGY,Shooting,84
1041,EGY,Swimming,101
1042,EGY,Synchronized Swimming,40
1043,EGY,Table Tennis,35
1044,EGY,Taekwondo,15
1045,EGY,Volleyball,60
1046,EGY,Water Polo,51
1047,EGY,Weightlifting,86
1048,EGY,Wrestling,107
1049,ERI,Athletics,41
1050,ERI,Cycling,2
1051,ESA,Archery,2
1052,ESA,Art Competitions,4
1053,ESA,Athletics,37
1054,ESA,Boxing,2
1055,ESA,Cycling,17
1056,ESA,Football,18
1057,ESA,Judo,10
1058,ESA,Rowing,3
1059,ESA,Sailing,4
1060,ESA,Shooting,24
1061,ESA,Swimming,83
1062,ESA,Tennis,1
1063,ESA,Weightlifting,8
1064,ESA,Wrestling,5
1065,ESP,Alpine Skiing,218
1066,ESP,Archery,36
1067,ESP,Art Competitions,3
1068,ESP,Athletics,637
1069,ESP,Badminton,11
1070,ESP,Baseball,20
1071,ESP,Basketball,191
1072,ESP,Basque Pelota,2
1073,ESP,Beach Volleyball,18
1074,ESP,Biathlon,13
1075,ESP,Bobsleigh,18
1076,ESP,Boxing,72
1077,ESP,Canoeing,192
1078,ESP,Cross Country Skiing,108
1079,ESP,Cycling,232
1080,ESP,Diving,37
1081,ESP,Equestrianism,203
1082,ESP,Fencing,140
1083,ESP,Figure Skating,11
1084,ESP,Football,164
1085,ESP,Freestyle Skiing,7
1086,ESP,Golf,4
1087,ESP,Gymnastics,633
1088,ESP,Handball,206
1089,ESP,Hockey,366
1090,ESP,Judo,75
1091,ESP,Luge,6
1092,ESP,Modern Pentathlon,30
1093,ESP,Polo,11
1094,ESP,Rhythmic Gymnastics,49
1095,ESP,Rowing,135
1096,ESP,Rugby Sevens,25
1097,ESP,Sailing,198
1098,ESP,Shooting,218
1099,ESP,Skeleton,2
1100,ESP,Ski Jumping,7
1101,ESP,Snowboarding,16
1102,ESP,Swimming,438
1103,ESP,Synchronized Swimming,49
1104,ESP,Table Tennis,25
1105,ESP,Taekwondo,17
1106,ESP,Tennis,124
1107,ESP,Triathlon,26
1108,ESP,Volleyball,36
1109,ESP,Water Polo,210
1110,ESP,Weightlifting,34
1111,ESP,Wrestling,40
1112,EST,Alpine Skiing,13
1113,EST,Archery,4
1114,EST,Athletics,125
1115,EST,Badminton,5
1116,EST,Basketball,8
1117,EST,Beach Volleyball,4
1118,EST,Biathlon,140
1119,EST,Boxing,4
1120,EST,Canoeing,6
1121,EST,Cross Country Skiing,197
1122,EST,Cycling,31
1123,EST,Fencing,31
1124,EST,Figure Skating,16
1125,EST,Football,11
1126,EST,Judo,9
1127,EST,Luge,3
1128,EST,Modern Pentathlon,3
1129,EST,Nordic Combined,34
1130,EST,Rhythmic Gymnastics,1
1131,EST,Rowing,36
1132,EST,Sailing,31
1133,EST,Shooting,12
1134,EST,Ski Jumping,12
1135,EST,Speed Skating,10
1136,EST,Swimming,47
1137,EST,Table Tennis,1
1138,EST,Tennis,7
1139,EST,Triathlon,3
1140,EST,Weightlifting,20
1141,EST,Wrestling,52
1142,ETH,Athletics,289
1143,ETH,Boxing,27
1144,ETH,Cross Country Skiing,2
1145,ETH,Cycling,56
1146,ETH,Swimming,4
1147,EUN,Alpine Skiing,19
1148,EUN,Archery,12
1149,EUN,Athletics,114
1150,EUN,Badminton,2
1151,EUN,Basketball,24
1152,EUN,Biathlon,23
1153,EUN,Bobsleigh,12
1154,EUN,Boxing,12
1155,EUN,Canoeing,23
1156,EUN,Cross Country Skiing,40
1157,EUN,Cycling,21
1158,EUN,Diving,8
1159,EUN,Equestrianism,15
1160,EUN,Fencing,32
1161,EUN,Figure Skating,17
1162,EUN,Freestyle Skiing,8
1163,EUN,Gymnastics,84
1164,EUN,Handball,25
1165,EUN,Hockey,15
1166,EUN,Ice Hockey,22
1167,EUN,Judo,13
1168,EUN,Luge,10
1169,EUN,Modern Pentathlon,6
1170,EUN,Nordic Combined,7
1171,EUN,Rhythmic Gymnastics,2
1172,EUN,Rowing,47
1173,EUN,Sailing,14
1174,EUN,Shooting,28
1175,EUN,Short Track Speed Skating,8
1176,EUN,Ski Jumping,12
1177,EUN,Speed Skating,36
1178,EUN,Swimming,67
1179,EUN,Synchronized Swimming,5
1180,EUN,Table Tennis,11
1181,EUN,Tennis,7
1182,EUN,Volleyball,20
1183,EUN,Water Polo,13
1184,EUN,Weightlifting,10
1185,EUN,Wrestling,20
1186,FIJ,Alpine Skiing,2
1187,FIJ,Archery,3
1188,FIJ,Athletics,65
1189,FIJ,Boxing,5
1190,FIJ,Cross Country Skiing,2
1191,FIJ,Cycling,1
1192,FIJ,Football,16
1193,FIJ,Judo,17
1194,FIJ,Rugby Sevens,26
1195,FIJ,Sailing,22
1196,FIJ,Shooting,4
1197,FIJ,Swimming,60
1198,FIJ,Table Tennis,1
1199,FIJ,Weightlifting,8
1200,FIN,Alpine Skiing,87
1201,FIN,Archery,45
1202,FIN,Art Competitions,9
1203,FIN,Athletics,912
1204,FIN,Badminton,14
1205,FIN,Basketball,23
1206,FIN,Biathlon,175
1207,FIN,Boxing,72
1208,FIN,Canoeing,100
1209,FIN,Cross Country Skiing,590
1210,FIN,Curling,9
1211,FIN,Cycling,123
1212,FIN,Diving,49
1213,FIN,Equestrianism,57
1214,FIN,Fencing,61
1215,FIN,Figure Skating,29
1216,FIN,Football,51
1217,FIN,Freestyle Skiing,34
1218,FIN,Golf,4
1219,FIN,Gymnastics,714
1220,FIN,Hockey,11
1221,FIN,Ice Hockey,420
1222,FIN,Judo,27
1223,FIN,Military Ski Patrol,4
1224,FIN,Modern Pentathlon,68
1225,FIN,Nordic Combined,117
1226,FIN,Rhythmic Gymnastics,4
1227,FIN,Rowing,93
1228,FIN,Sailing,177
1229,FIN,Shooting,347
1230,FIN,Ski Jumping,168
1231,FIN,Snowboarding,35
1232,FIN,Speed Skating,244
1233,FIN,Swimming,237
1234,FIN,Synchronized Swimming,1
1235,FIN,Table Tennis,1
1236,FIN,Taekwondo,5
1237,FIN,Tennis,11
1238,FIN,Weightlifting,65
1239,FIN,Wrestling,274
1240,FRA,Alpine Skiing,476
1241,FRA,Archery,151
1242,FRA,Art Competitions,366
1243,FRA,Athletics,1500
1244,FRA,Badminton,20
1245,FRA,Basketball,147
1246,FRA,Beach Volleyball,10
1247,FRA,Biathlon,277
1248,FRA,Bobsleigh,152
1249,FRA,Boxing,172
1250,FRA,Canoeing,280
1251,FRA,Cricket,3
1252,FRA,Croquet,19
1253,FRA,Cross Country Skiing,383
1254,FRA,Curling,14
1255,FRA,Cycling,679
1256,FRA,Diving,80
1257,FRA,Equestrianism,463
1258,FRA,Fencing,982
1259,FRA,Figure Skating,130
1260,FRA,Football,212
1261,FRA,Freestyle Skiing,63
1262,FRA,Golf,11
1263,FRA,Gymnastics,1576
1264,FRA,Handball,181
1265,FRA,Hockey,135
1266,FRA,Ice Hockey,169
1267,FRA,Judo,135
1268,FRA,Luge,20
1269,FRA,Military Ski Patrol,4
1270,FRA,Modern Pentathlon,93
1271,FRA,Motorboating,1
1272,FRA,Nordic Combined,89
1273,FRA,Polo,13
1274,FRA,Rhythmic Gymnastics,20
1275,FRA,Rowing,531
1276,FRA,Rugby,49
1277,FRA,Rugby Sevens,25
1278,FRA,Sailing,483
1279,FRA,Shooting,594
1280,FRA,Short Track Speed Skating,74
1281,FRA,Skeleton,5
1282,FRA,Ski Jumping,96
1283,FRA,Snowboarding,73
1284,FRA,Speed Skating,109
1285,FRA,Swimming,887
1286,FRA,Synchronized Swimming,41
1287,FRA,Table Tennis,44
1288,FRA,Taekwondo,14
1289,FRA,Tennis,174
1290,FRA,Trampolining,6
1291,FRA,Triathlon,26
1292,FRA,Tug-Of-War,5
1293,FRA,Volleyball,46
1294,FRA,Water Polo,125
1295,FRA,Weightlifting,129
1296,FRA,Wrestling,196
1297,FRG,Alpine Skiing,146
1298,FRG,Archery,24
1299,FRG,Athletics,392
1300,FRG,Basketball,24
1301,FRG,Biathlon,49
1302,FRG,Bobsleigh,72
1303,FRG,Boxing,37
1304,FRG,Canoeing,104
1305,FRG,Cross Country Skiing,128
1306,FRG,Cycling,93
1307,FRG,Diving,39
1308,FRG,Equestrianism,107
1309,FRG,Fencing,153
1310,FRG,Figure Skating,45
1311,FRG,Football,51
1312,FRG,Gymnastics,394
1313,FRG,Handball,58
1314,FRG,Hockey,115
1315,FRG,Ice Hockey,119
1316,FRG,Judo,26
1317,FRG,Luge,56
1318,FRG,Modern Pentathlon,30
1319,FRG,Nordic Combined,25
1320,FRG,Rhythmic Gymnastics,4
1321,FRG,Rowing,178
1322,FRG,Sailing,64
1323,FRG,Shooting,81
1324,FRG,Ski Jumping,39
1325,FRG,Speed Skating,78
1326,FRG,Swimming,356
1327,FRG,Synchronized Swimming,10
1328,FRG,Table Tennis,10
1329,FRG,Tennis,9
1330,FRG,Volleyball,34
1331,FRG,Water Polo,58
1332,FRG,Weightlifting,31
1333,FRG,Wrestling,76
1334,FSM,Athletics,10
1335,FSM,Boxing,1
1336,FSM,Swimming,10
1337,FSM,Weightlifting,4
1338,FSM,Wrestling,1
1339,GAB,Athletics,22
1340,GAB,Boxing,12
1341,GAB,Football,15
1342,GAB,Judo,10
1343,GAB,Swimming,1
1344,GAB,Taekwondo,3
1345,GAM,Athletics,50
1346,GAM,Boxing,1
1347,GAM,Judo,1
1348,GAM,Swimming,1
1349,GAM,Wrestling,3
1350,GBR,Alpine Skiing,338
1351,GBR,Alpinism,12
1352,GBR,Archery,133
1353,GBR,Art Competitions,339
1354,GBR,Athletics,2244
1355,GBR,Badminton,83
1356,GBR,Basketball,37
1357,GBR,Beach Volleyball,6
1358,GBR,Biathlon,106
1359,GBR,Bobsleigh,210
1360,GBR,Boxing,224
1361,GBR,Canoeing,262
1362,GBR,Cricket,21
1363,GBR,Cross Country Skiing,130
1364,GBR,Curling,52
1365,GBR,Cycling,634
1366,GBR,Diving,221
1367,GBR,Equestrianism,378
1368,GBR,Fencing,590
1369,GBR,Figure Skating,174
1370,GBR,Football,161
1371,GBR,Freestyle Skiing,22
1372,GBR,Golf,11
1373,GBR,Gymnastics,1127
1374,GBR,Handball,28
1375,GBR,Hockey,422
1376,GBR,Ice Hockey,48
1377,GBR,Jeu De Paume,9
1378,GBR,Judo,111
1379,GBR,Lacrosse,12
1380,GBR,Luge,45
1381,GBR,Modern Pentathlon,106
1382,GBR,Motorboating,16
1383,GBR,Nordic Combined,1
1384,GBR,Polo,30
1385,GBR,Racquets,12
1386,GBR,Rhythmic Gymnastics,13
1387,GBR,Rowing,708
1388,GBR,Rugby,30
1389,GBR,Rugby Sevens,24
1390,GBR,Sailing,335
1391,GBR,Shooting,471
1392,GBR,Short Track Speed Skating,70
1393,GBR,Skeleton,18
1394,GBR,Ski Jumping,4
1395,GBR,Snowboarding,16
1396,GBR,Speed Skating,114
1397,GBR,Swimming,1291
1398,GBR,Synchronized Swimming,30
1399,GBR,Table Tennis,34
1400,GBR,Taekwondo,17
1401,GBR,Tennis,191
1402,GBR,Trampolining,9
1403,GBR,Triathlon,29
1404,GBR,Tug-Of-War,40
1405,GBR,Volleyball,24
1406,GBR,Water Polo,107
1407,GBR,Weightlifting,128
1408,GBR,Wrestling,198
1409,GBS,Athletics,12
1410,GBS,Judo,1
1411,GBS,Wrestling,8
1412,GDR,Alpine Skiing,3
1413,GDR,Athletics,366
1414,GDR,Biathlon,55
1415,GDR,Bobsleigh,48
1416,GDR,Boxing,45
1417,GDR,Canoeing,99
1418,GDR,Cross Country Skiing,143
1419,GDR,Cycling,74
1420,GDR,Diving,43
1421,GDR,Equestrianism,28
1422,GDR,Fencing,50
1423,GDR,Figure Skating,45
1424,GDR,Football,51
1425,GDR,Gymnastics,420
1426,GDR,Handball,71
1427,GDR,Hockey,14
1428,GDR,Ice Hockey,18
1429,GDR,Judo,21
1430,GDR,Luge,62
1431,GDR,Modern Pentathlon,6
1432,GDR,Nordic Combined,24
1433,GDR,Rowing,205
1434,GDR,Sailing,47
1435,GDR,Shooting,71
1436,GDR,Ski Jumping,43
1437,GDR,Speed Skating,100
1438,GDR,Swimming,334
1439,GDR,Volleyball,60
1440,GDR,Water Polo,11
1441,GDR,Weightlifting,31
1442,GDR,Wrestling,57
1443,GEO,Alpine Skiing,24
1444,GEO,Archery,18
1445,GEO,Athletics,18
1446,GEO,Beach Volleyball,4
1447,GEO,Boxing,11
1448,GEO,Canoeing,1
1449,GEO,Cycling,1
1450,GEO,Diving,3
1451,GEO,Fencing,2
1452,GEO,Figure Skating,7
1453,GEO,Gymnastics,24
1454,GEO,Judo,41
1455,GEO,Luge,2
1456,GEO,Modern Pentathlon,1
1457,GEO,Rhythmic Gymnastics,3
1458,GEO,Sailing,2
1459,GEO,Shooting,19
1460,GEO,Ski Jumping,6
1461,GEO,Swimming,7
1462,GEO,Tennis,4
1463,GEO,Trampolining,5
1464,GEO,Weightlifting,16
1465,GEO,Wrestling,67
1466,GEQ,Athletics,37
1467,GEQ,Judo,1
1468,GEQ,Swimming,2
1469,GER,Alpine Skiing,255
1470,GER,Alpinism,2
1471,GER,Archery,38
1472,GER,Art Competitions,356
1473,GER,Athletics,1254
1474,GER,Badminton,50
1475,GER,Basketball,34
1476,GER,Beach Volleyball,42
1477,GER,Biathlon,233
1478,GER,Bobsleigh,182
1479,GER,Boxing,108
1480,GER,Canoeing,281
1481,GER,Cross Country Skiing,348
1482,GER,Curling,40
1483,GER,Cycling,416
1484,GER,Diving,159
1485,GER,Equestrianism,301
1486,GER,Fencing,382
1487,GER,Figure Skating,109
1488,GER,Football,193
1489,GER,Freestyle Skiing,29
1490,GER,Golf,4
1491,GER,Gymnastics,994
1492,GER,Handball,158
1493,GER,Hockey,330
1494,GER,Ice Hockey,297
1495,GER,Judo,88
1496,GER,Luge,85
1497,GER,Modern Pentathlon,51
1498,GER,Nordic Combined,92
1499,GER,Polo,4
1500,GER,Rhythmic Gymnastics,31
1501,GER,Rowing,526
1502,GER,Rugby,15
1503,GER,Sailing,181
1504,GER,Shooting,250
1505,GER,Short Track Speed Skating,63
1506,GER,Skeleton,19
1507,GER,Ski Jumping,116
1508,GER,Snowboarding,54
1509,GER,Speed Skating,289
1510,GER,Swimming,711
1511,GER,Synchronized Swimming,4
1512,GER,Table Tennis,74
1513,GER,Taekwondo,11
1514,GER,Tennis,84
1515,GER,Trampolining,9
1516,GER,Triathlon,23
1517,GER,Tug-Of-War,9
1518,GER,Volleyball,60
1519,GER,Water Polo,123
1520,GER,Weightlifting,95
1521,GER,Wrestling,168
1522,GHA,Alpine Skiing,1
1523,GHA,Athletics,190
1524,GHA,Boxing,56
1525,GHA,Football,98
1526,GHA,Judo,2
1527,GHA,Swimming,2
1528,GHA,Table Tennis,8
1529,GHA,Weightlifting,2
1530,GRE,Alpine Skiing,100
1531,GRE,Archery,17
1532,GRE,Art Competitions,9
1533,GRE,Athletics,668
1534,GRE,Badminton,2
1535,GRE,Baseball,23
1536,GRE,Basketball,60
1537,GRE,Beach Volleyball,14
1538,GRE,Biathlon,17
1539,GRE,Bobsleigh,10
1540,GRE,Boxing,33
1541,GRE,Canoeing,15
1542,GRE,Cross Country Skiing,50
1543,GRE,Cycling,82
1544,GRE,Diving,26
1545,GRE,Equestrianism,12
1546,GRE,Fencing,149
1547,GRE,Football,78
1548,GRE,Golf,1
1549,GRE,Gymnastics,139
1550,GRE,Handball,30
1551,GRE,Judo,24
1552,GRE,Luge,3
1553,GRE,Modern Pentathlon,5
1554,GRE,Rhythmic Gymnastics,40
1555,GRE,Rowing,194
1556,GRE,Sailing,141
1557,GRE,Shooting,388
1558,GRE,Skeleton,3
1559,GRE,Ski Jumping,2
1560,GRE,Snowboarding,3
1561,GRE,Softball,14
1562,GRE,Swimming,242
1563,GRE,Synchronized Swimming,20
1564,GRE,Table Tennis,21
1565,GRE,Taekwondo,11
1566,GRE,Tennis,68
1567,GRE,Trampolining,1
1568,GRE,Triathlon,3
1569,GRE,Tug-Of-War,13
1570,GRE,Volleyball,24
1571,GRE,Water Polo,200
1572,GRE,Weightlifting,83
1573,GRE,Wrestling,143
1574,GRN,Athletics,38
1575,GRN,Boxing,9
1576,GRN,Swimming,6
1577,GRN,Taekwondo,1
1578,GUA,Alpine Skiing,11
1579,GUA,Art Competitions,1
1580,GUA,Athletics,76
1581,GUA,Badminton,5
1582,GUA,Boxing,7
1583,GUA,Canoeing,1
1584,GUA,Cross Country Skiing,4
1585,GUA,Cycling,35
1586,GUA,Equestrianism,6
1587,GUA,Fencing,7
1588,GUA,Football,53
1589,GUA,Gymnastics,18
1590,GUA,Judo,5
1591,GUA,Modern Pentathlon,6
1592,GUA,Rowing,3
1593,GUA,Sailing,9
1594,GUA,Shooting,51
1595,GUA,Swimming,85
1596,GUA,Taekwondo,5
1597,GUA,Weightlifting,13
1598,GUA,Wrestling,24
1599,GUI,Athletics,29
1600,GUI,Boxing,7
1601,GUI,Football,15
1602,GUI,Judo,11
1603,GUI,Swimming,8
1604,GUI,Taekwondo,1
1605,GUI,Wrestling,2
1606,GUM,Archery,1
1607,GUM,Athletics,20
1608,GUM,Biathlon,1
1609,GUM,Boxing,1
1610,GUM,Canoeing,2
1611,GUM,Cycling,18
1612,GUM,Judo,7
1613,GUM,Sailing,8
1614,GUM,Swimming,44
1615,GUM,Weightlifting,4
1616,GUM,Wrestling,6
1617,GUY,Athletics,53
1618,GUY,Boxing,18
1619,GUY,Cycling,16
1620,GUY,Judo,1
1621,GUY,Swimming,6
1622,GUY,Weightlifting,8
1623,HAI,Art Competitions,1
1624,HAI,Athletics,59
1625,HAI,Boxing,6
1626,HAI,Fencing,5
1627,HAI,Judo,14
1628,HAI,Rugby,1
1629,HAI,Shooting,9
1630,HAI,Swimming,3
1631,HAI,Taekwondo,2
1632,HAI,Tennis,3
1633,HAI,Weightlifting,2
1634,HAI,Wrestling,1
1635,HKG,Archery,11
1636,HKG,Athletics,36
1637,HKG,Badminton,36
1638,HKG,Boxing,2
1639,HKG,Canoeing,27
1640,HKG,Cycling,54
1641,HKG,Diving,7
1642,HKG,Equestrianism,6
1643,HKG,Fencing,68
1644,HKG,Golf,1
1645,HKG,Gymnastics,9
1646,HKG,Hockey,17
1647,HKG,Judo,17
1648,HKG,Rowing,21
1649,HKG,Sailing,39
1650,HKG,Shooting,35
1651,HKG,Short Track Speed Skating,12
1652,HKG,Swimming,205
1653,HKG,Table Tennis,78
1654,HKG,Triathlon,3
1655,HKG,Weightlifting,1
1656,HON,Athletics,30
1657,HON,Boxing,6
1658,HON,Cross Country Skiing,3
1659,HON,Fencing,1
1660,HON,Football,68
1661,HON,Judo,7
1662,HON,Rowing,1
1663,HON,Shooting,1
1664,HON,Swimming,65
1665,HON,Table Tennis,1
1666,HON,Taekwondo,2
1667,HON,Weightlifting,3
1668,HON,Wrestling,1
1669,HUN,Alpine Skiing,99
1670,HUN,Archery,14
1671,HUN,Art Competitions,87
1672,HUN,Athletics,767
1673,HUN,Badminton,7
1674,HUN,Basketball,61
1675,HUN,Biathlon,67
1676,HUN,Bobsleigh,19
1677,HUN,Boxing,110
1678,HUN,Canoeing,306
1679,HUN,Cross Country Skiing,51
1680,HUN,Cycling,121
1681,HUN,Diving,39
1682,HUN,Equestrianism,84
1683,HUN,Fencing,628
1684,HUN,Figure Skating,61
1685,HUN,Football,132
1686,HUN,Gymnastics,1242
1687,HUN,Handball,205
1688,HUN,Hockey,15
1689,HUN,Ice Hockey,40
1690,HUN,Judo,76
1691,HUN,Modern Pentathlon,93
1692,HUN,Nordic Combined,6
1693,HUN,Polo,5
1694,HUN,Rhythmic Gymnastics,7
1695,HUN,Rowing,194
1696,HUN,Sailing,77
1697,HUN,Shooting,298
1698,HUN,Short Track Speed Skating,56
1699,HUN,Ski Jumping,11
1700,HUN,Speed Skating,68
1701,HUN,Swimming,719
1702,HUN,Synchronized Swimming,4
1703,HUN,Table Tennis,36
1704,HUN,Taekwondo,1
1705,HUN,Tennis,60
1706,HUN,Triathlon,12
1707,HUN,Volleyball,47
1708,HUN,Water Polo,304
1709,HUN,Weightlifting,99
1710,HUN,Wrestling,279
1711,INA,Archery,38
1712,INA,Athletics,44
1713,INA,Badminton,98
1714,INA,Beach Volleyball,4
1715,INA,Boxing,21
1716,INA,Canoeing,7
1717,INA,Cycling,12
1718,INA,Diving,4
1719,INA,Fencing,11
1720,INA,Football,13
1721,INA,Judo,9
1722,INA,Rowing,3
1723,INA,Sailing,14
1724,INA,Shooting,9
1725,INA,Swimming,42
1726,INA,Table Tennis,11
1727,INA,Taekwondo,3
1728,INA,Tennis,18
1729,INA,Weightlifting,49
1730,INA,Wrestling,2
1731,IND,Alpine Skiing,16
1732,IND,Alpinism,7
1733,IND,Archery,56
1734,IND,Art Competitions,2
1735,IND,Athletics,269
1736,IND,Badminton,27
1737,IND,Basketball,12
1738,IND,Boxing,56
1739,IND,Cross Country Skiing,3
1740,IND,Cycling,40
1741,IND,Diving,2
1742,IND,Equestrianism,10
1743,IND,Football,51
1744,IND,Golf,3
1745,IND,Gymnastics,88
1746,IND,Hockey,345
1747,IND,Judo,15
1748,IND,Luge,4
1749,IND,Rowing,10
1750,IND,Sailing,12
1751,IND,Shooting,105
1752,IND,Swimming,36
1753,IND,Table Tennis,26
1754,IND,Tennis,50
1755,IND,Water Polo,19
1756,IND,Weightlifting,40
1757,IND,Wrestling,104
1758,IOA,Athletics,13
1759,IOA,Boxing,1
1760,IOA,Canoeing,7
1761,IOA,Cycling,8
1762,IOA,Fencing,2
1763,IOA,Judo,5
1764,IOA,Luge,1
1765,IOA,Rhythmic Gymnastics,2
1766,IOA,Rowing,2
1767,IOA,Sailing,1
1768,IOA,Shooting,19
1769,IOA,Swimming,10
1770,IOA,Synchronized Swimming,5
1771,IOA,Table Tennis,7
1772,IOA,Tennis,1
1773,IOA,Weightlifting,1
1774,IOA,Wrestling,9
1775,IRI,Alpine Skiing,72
1776,IRI,Archery,5
1777,IRI,Athletics,61
1778,IRI,Badminton,1
1779,IRI,Basketball,25
1780,IRI,Boxing,55
1781,IRI,Canoeing,6
1782,IRI,Cross Country Skiing,5
1783,IRI,Cycling,70
1784,IRI,Diving,1
1785,IRI,Equestrianism,1
1786,IRI,Fencing,56
1787,IRI,Football,48
1788,IRI,Gymnastics,12
1789,IRI,Judo,18
1790,IRI,Rowing,5
1791,IRI,Shooting,33
1792,IRI,Swimming,6
1793,IRI,Table Tennis,9
1794,IRI,Taekwondo,14
1795,IRI,Volleyball,12
1796,IRI,Water Polo,11
1797,IRI,Weightlifting,74
1798,IRI,Wrestling,189
1799,IRL,Alpine Skiing,17
1800,IRL,Archery,11
1801,IRL,Art Competitions,42
1802,IRL,Athletics,300
1803,IRL,Badminton,7
1804,IRL,Basketball,13
1805,IRL,Bobsleigh,16
1806,IRL,Boxing,124
1807,IRL,Canoeing,48
1808,IRL,Cross Country Skiing,4
1809,IRL,Cycling,73
1810,IRL,Diving,2
1811,IRL,Equestrianism,183
1812,IRL,Fencing,53
1813,IRL,Football,23
1814,IRL,Golf,4
1815,IRL,Gymnastics,18
1816,IRL,Hockey,16
1817,IRL,Judo,16
1818,IRL,Modern Pentathlon,10
1819,IRL,Rowing,66
1820,IRL,Sailing,86
1821,IRL,Shooting,25
1822,IRL,Skeleton,4
1823,IRL,Snowboarding,2
1824,IRL,Swimming,112
1825,IRL,Tennis,19
1826,IRL,Triathlon,5
1827,IRL,Water Polo,14
1828,IRL,Weightlifting,3
1829,IRL,Wrestling,9
1830,IRQ,Archery,1
1831,IRQ,Athletics,50
1832,IRQ,Basketball,10
1833,IRQ,Boxing,22
1834,IRQ,Cycling,3
1835,IRQ,Football,80
1836,IRQ,Judo,2
1837,IRQ,Rowing,3
1838,IRQ,Shooting,3
1839,IRQ,Swimming,4
1840,IRQ,Table Tennis,1
1841,IRQ,Taekwondo,1
1842,IRQ,Weightlifting,29
1843,IRQ,Wrestling,23
1844,ISL,Alpine Skiing,145
1845,ISL,Art Competitions,1
1846,ISL,Athletics,117
1847,ISL,Badminton,8
1848,ISL,Cross Country Skiing,53
1849,ISL,Gymnastics,25
1850,ISL,Handball,102
1851,ISL,Judo,15
1852,ISL,Sailing,6
1853,ISL,Shooting,4
1854,ISL,Ski Jumping,3
1855,ISL,Swimming,131
1856,ISL,Water Polo,8
1857,ISL,Weightlifting,7
1858,ISL,Wrestling,2
1859,ISR,Alpine Skiing,4
1860,ISR,Athletics,84
1861,ISR,Badminton,2
1862,ISR,Basketball,12
1863,ISR,Boxing,5
1864,ISR,Canoeing,15
1865,ISR,Cycling,4
1866,ISR,Diving,3
1867,ISR,Fencing,21
1868,ISR,Figure Skating,17
1869,ISR,Football,32
1870,ISR,Golf,1
1871,ISR,Gymnastics,90
1872,ISR,Judo,32
1873,ISR,Rhythmic Gymnastics,25
1874,ISR,Sailing,55
1875,ISR,Shooting,64
1876,ISR,Short Track Speed Skating,6
1877,ISR,Swimming,131
1878,ISR,Synchronized Swimming,8
1879,ISR,Table Tennis,1
1880,ISR,Taekwondo,3
1881,ISR,Tennis,20
1882,ISR,Triathlon,1
1883,ISR,Weightlifting,12
1884,ISR,Wrestling,17
1885,ISV,Alpine Skiing,9
1886,ISV,Athletics,61
1887,ISV,Bobsleigh,38
1888,ISV,Boxing,10
1889,ISV,Cycling,2
1890,ISV,Equestrianism,4
1891,ISV,Fencing,5
1892,ISV,Luge,8
1893,ISV,Sailing,48
1894,ISV,Shooting,23
1895,ISV,Swimming,81
1896,ISV,Weightlifting,1
1897,ISV,Wrestling,4
1898,ITA,Alpine Skiing,498
1899,ITA,Archery,93
1900,ITA,Art Competitions,189
1901,ITA,Athletics,1021
1902,ITA,Badminton,3
1903,ITA,Baseball,88
1904,ITA,Basketball,184
1905,ITA,Beach Volleyball,24
1906,ITA,Biathlon,230
1907,ITA,Bobsleigh,230
1908,ITA,Boxing,175
1909,ITA,Canoeing,180
1910,ITA,Cross Country Skiing,528
1911,ITA,Curling,9
1912,ITA,Cycling,447
1913,ITA,Diving,100
1914,ITA,Equestrianism,293
1915,ITA,Fencing,736
1916,ITA,Figure Skating,90
1917,ITA,Football,240
1918,ITA,Freestyle Skiing,26
1919,ITA,Golf,4
1920,ITA,Gymnastics,1363
1921,ITA,Hockey,33
1922,ITA,Ice Hockey,191
1923,ITA,Judo,76
1924,ITA,Luge,139
1925,ITA,Military Ski Patrol,4
1926,ITA,Modern Pentathlon,90
1927,ITA,Nordic Combined,65
1928,ITA,Rhythmic Gymnastics,47
1929,ITA,Rowing,532
1930,ITA,Sailing,262
1931,ITA,Shooting,339
1932,ITA,Short Track Speed Skating,137
1933,ITA,Skeleton,10
1934,ITA,Ski Jumping,96
1935,ITA,Snowboarding,64
1936,ITA,Softball,30
1937,ITA,Speed Skating,181
1938,ITA,Swimming,722
1939,ITA,Synchronized Swimming,52
1940,ITA,Table Tennis,19
1941,ITA,Taekwondo,11
1942,ITA,Tennis,107
1943,ITA,Trampolining,3
1944,ITA,Triathlon,17
1945,ITA,Tug-Of-War,8
1946,ITA,Volleyball,192
1947,ITA,Water Polo,279
1948,ITA,Weightlifting,94
1949,ITA,Wrestling,164
1950,IVB,Athletics,31
1951,IVB,Freestyle Skiing,1
1952,IVB,Sailing,10
1953,IVB,Speed Skating,2
1954,IVB,Swimming,1
1955,JAM,Athletics,680
1956,JAM,Badminton,1
1957,JAM,Bobsleigh,30
1958,JAM,Boxing,22
1959,JAM,Cycling,35
1960,JAM,Diving,2
1961,JAM,Equestrianism,2
1962,JAM,Freestyle Skiing,1
1963,JAM,Gymnastics,4
1964,JAM,Sailing,17
1965,JAM,Shooting,2
1966,JAM,Swimming,39
1967,JAM,Table Tennis,6
1968,JAM,Taekwondo,1
1969,JAM,Triathlon,1
1970,JAM,Weightlifting,5
1971,JOR,Archery,1
1972,JOR,Athletics,21
1973,JOR,Boxing,5
1974,JOR,Equestrianism,4
1975,JOR,Fencing,2
1976,JOR,Judo,1
1977,JOR,Shooting,16
1978,JOR,Swimming,12
1979,JOR,Table Tennis,5
1980,JOR,Taekwondo,8
1981,JOR,Triathlon,1
1982,JOR,Wrestling,4
1983,JPN,Alpine Skiing,198
1984,JPN,Archery,92
1985,JPN,Art Competitions,129
1986,JPN,Athletics,782
1987,JPN,Badminton,73
1988,JPN,Baseball,112
1989,JPN,Basketball,115
1990,JPN,Beach Volleyball,18
1991,JPN,Biathlon,162
1992,JPN,Bobsleigh,92
1993,JPN,Boxing,77
1994,JPN,Canoeing,98
1995,JPN,Cross Country Skiing,321
1996,JPN,Curling,29
1997,JPN,Cycling,170
1998,JPN,Diving,92
1999,JPN,Equestrianism,199
2000,JPN,Fencing,169
2001,JPN,Figure Skating,91
2002,JPN,Football,220
2003,JPN,Freestyle Skiing,47
2004,JPN,Golf,4
2005,JPN,Gymnastics,1216
2006,JPN,Handball,66
2007,JPN,Hockey,125
2008,JPN,Ice Hockey,180
2009,JPN,Judo,129
2010,JPN,Luge,60
2011,JPN,Modern Pentathlon,46
2012,JPN,Nordic Combined,107
2013,JPN,Rhythmic Gymnastics,33
2014,JPN,Rowing,180
2015,JPN,Rugby Sevens,25
2016,JPN,Sailing,116
2017,JPN,Shooting,191
2018,JPN,Short Track Speed Skating,122
2019,JPN,Skeleton,10
2020,JPN,Ski Jumping,166
2021,JPN,Snowboarding,49
2022,JPN,Softball,59
2023,JPN,Speed Skating,474
2024,JPN,Swimming,858
2025,JPN,Synchronized Swimming,78
2026,JPN,Table Tennis,98
2027,JPN,Taekwondo,7
2028,JPN,Tennis,65
2029,JPN,Trampolining,12
2030,JPN,Triathlon,25
2031,JPN,Volleyball,232
2032,JPN,Water Polo,76
2033,JPN,Weightlifting,111
2034,JPN,Wrestling,238
2035,KAZ,Alpine Skiing,31
2036,KAZ,Archery,27
2037,KAZ,Athletics,138
2038,KAZ,Biathlon,94
2039,KAZ,Boxing,56
2040,KAZ,Canoeing,68
2041,KAZ,Cross Country Skiing,240
2042,KAZ,Cycling,41
2043,KAZ,Diving,13
2044,KAZ,Fencing,10
2045,KAZ,Figure Skating,11
2046,KAZ,Freestyle Skiing,22
2047,KAZ,Gymnastics,45
2048,KAZ,Handball,14
2049,KAZ,Ice Hockey,64
2050,KAZ,Judo,49
2051,KAZ,Luge,1
2052,KAZ,Modern Pentathlon,10
2053,KAZ,Rhythmic Gymnastics,4
2054,KAZ,Rowing,8
2055,KAZ,Shooting,54
2056,KAZ,Short Track Speed Skating,15
2057,KAZ,Ski Jumping,50
2058,KAZ,Snowboarding,2
2059,KAZ,Speed Skating,68
2060,KAZ,Swimming,68
2061,KAZ,Synchronized Swimming,10
2062,KAZ,Table Tennis,2
2063,KAZ,Taekwondo,9
2064,KAZ,Tennis,8
2065,KAZ,Trampolining,1
2066,KAZ,Triathlon,6
2067,KAZ,Volleyball,12
2068,KAZ,Water Polo,61
2069,KAZ,Weightlifting,40
2070,KAZ,Wrestling,77
2071,KEN,Archery,4
2072,KEN,Athletics,466
2073,KEN,Boxing,62
2074,KEN,Cross Country Skiing,4
2075,KEN,Cycling,1
2076,KEN,Hockey,110
2077,KEN,Judo,8
2078,KEN,Rowing,2
2079,KEN,Rugby Sevens,24
2080,KEN,Sailing,4
2081,KEN,Shooting,32
2082,KEN,Swimming,13
2083,KEN,Taekwondo,2
2084,KEN,Volleyball,24
2085,KEN,Weightlifting,9
2086,KEN,Wrestling,7
2087,KGZ,Alpine Skiing,6
2088,KGZ,Athletics,33
2089,KGZ,Biathlon,6
2090,KGZ,Boxing,12
2091,KGZ,Canoeing,4
2092,KGZ,Cross Country Skiing,1
2093,KGZ,Cycling,5
2094,KGZ,Fencing,2
2095,KGZ,Judo,14
2096,KGZ,Modern Pentathlon,3
2097,KGZ,Sailing,1
2098,KGZ,Shooting,18
2099,KGZ,Ski Jumping,2
2100,KGZ,Swimming,77
2101,KGZ,Taekwondo,2
2102,KGZ,Weightlifting,7
2103,KGZ,Wrestling,34
2104,KIR,Athletics,7
2105,KIR,Weightlifting,4
2106,KOR,Alpine Skiing,76
2107,KOR,Archery,102
2108,KOR,Athletics,243
2109,KOR,Badminton,112
2110,KOR,Baseball,68
2111,KOR,Basketball,134
2112,KOR,Biathlon,41
2113,KOR,Bobsleigh,18
2114,KOR,Boxing,110
2115,KOR,Canoeing,48
2116,KOR,Cross Country Skiing,107
2117,KOR,Curling,5
2118,KOR,Cycling,113
2119,KOR,Diving,27
2120,KOR,Equestrianism,54
2121,KOR,Fencing,198
2122,KOR,Figure Skating,24
2123,KOR,Football,156
2124,KOR,Freestyle Skiing,7
2125,KOR,Golf,6
2126,KOR,Gymnastics,512
2127,KOR,Handball,228
2128,KOR,Hockey,225
2129,KOR,Judo,119
2130,KOR,Luge,16
2131,KOR,Modern Pentathlon,31
2132,KOR,Rhythmic Gymnastics,7
2133,KOR,Rowing,64
2134,KOR,Sailing,40
2135,KOR,Shooting,206
2136,KOR,Short Track Speed Skating,141
2137,KOR,Skeleton,5
2138,KOR,Ski Jumping,54
2139,KOR,Snowboarding,7
2140,KOR,Speed Skating,271
2141,KOR,Swimming,225
2142,KOR,Synchronized Swimming,11
2143,KOR,Table Tennis,101
2144,KOR,Taekwondo,21
2145,KOR,Tennis,29
2146,KOR,Triathlon,1
2147,KOR,Volleyball,215
2148,KOR,Water Polo,13
2149,KOR,Weightlifting,117
2150,KOR,Wrestling,156
2151,KOS,Athletics,2
2152,KOS,Cycling,1
2153,KOS,Judo,2
2154,KOS,Shooting,1
2155,KOS,Swimming,2
2156,KSA,Archery,5
2157,KSA,Athletics,105
2158,KSA,Cycling,14
2159,KSA,Equestrianism,28
2160,KSA,Fencing,12
2161,KSA,Football,30
2162,KSA,Judo,3
2163,KSA,Shooting,14
2164,KSA,Swimming,9
2165,KSA,Table Tennis,2
2166,KSA,Taekwondo,1
2167,KSA,Weightlifting,7
2168,KUW,Athletics,49
2169,KUW,Boxing,3
2170,KUW,Diving,8
2171,KUW,Fencing,57
2172,KUW,Football,51
2173,KUW,Handball,26
2174,KUW,Judo,24
2175,KUW,Rowing,1
2176,KUW,Shooting,24
2177,KUW,Swimming,35
2178,KUW,Table Tennis,3
2179,KUW,Taekwondo,1
2180,KUW,Weightlifting,2
2181,LAO,Archery,1
2182,LAO,Athletics,28
2183,LAO,Boxing,9
2184,LAO,Cycling,1
2185,LAO,Judo,1
2186,LAO,Shooting,6
2187,LAO,Swimming,8
2188,LAT,Alpine Skiing,28
2189,LAT,Art Competitions,24
2190,LAT,Athletics,146
2191,LAT,Basketball,19
2192,LAT,Beach Volleyball,8
2193,LAT,Biathlon,118
2194,LAT,Bobsleigh,74
2195,LAT,Boxing,3
2196,LAT,Canoeing,20
2197,LAT,Cross Country Skiing,61
2198,LAT,Cycling,62
2199,LAT,Fencing,1
2200,LAT,Figure Skating,9
2201,LAT,Football,11
2202,LAT,Freestyle Skiing,2
2203,LAT,Gymnastics,28
2204,LAT,Ice Hockey,101
2205,LAT,Judo,10
2206,LAT,Luge,64
2207,LAT,Modern Pentathlon,16
2208,LAT,Nordic Combined,1
2209,LAT,Rowing,8
2210,LAT,Sailing,9
2211,LAT,Shooting,14
2212,LAT,Short Track Speed Skating,6
2213,LAT,Skeleton,7
2214,LAT,Speed Skating,27
2215,LAT,Swimming,29
2216,LAT,Table Tennis,1
2217,LAT,Tennis,6
2218,LAT,Weightlifting,20
2219,LAT,Wrestling,18
2220,LBA,Archery,1
2221,LBA,Athletics,27
2222,LBA,Cycling,14
2223,LBA,Judo,7
2224,LBA,Rowing,1
2225,LBA,Swimming,14
2226,LBA,Table Tennis,1
2227,LBA,Taekwondo,3
2228,LBA,Volleyball,9
2229,LBA,Weightlifting,7
2230,LBR,Athletics,70
2231,LBR,Boxing,4
2232,LCA,Athletics,19
2233,LCA,Sailing,3
2234,LCA,Swimming,6
2235,LES,Athletics,51
2236,LES,Boxing,10
2237,LES,Cycling,1
2238,LES,Swimming,1
2239,LES,Taekwondo,3
2240,LIB,Alpine Skiing,89
2241,LIB,Athletics,29
2242,LIB,Boxing,9
2243,LIB,Canoeing,1
2244,LIB,Cross Country Skiing,1
2245,LIB,Cycling,13
2246,LIB,Fencing,55
2247,LIB,Judo,18
2248,LIB,Rowing,1
2249,LIB,Sailing,3
2250,LIB,Shooting,26
2251,LIB,Skeleton,1
2252,LIB,Swimming,43
2253,LIB,Table Tennis,3
2254,LIB,Taekwondo,1
2255,LIB,Weightlifting,13
2256,LIB,Wrestling,23
2257,LIE,Alpine Skiing,205
2258,LIE,Athletics,33
2259,LIE,Bobsleigh,6
2260,LIE,Cross Country Skiing,46
2261,LIE,Cycling,14
2262,LIE,Equestrianism,1
2263,LIE,Gymnastics,7
2264,LIE,Judo,16
2265,LIE,Luge,19
2266,LIE,Shooting,16
2267,LIE,Swimming,4
2268,LIE,Tennis,2
2269,LTU,Alpine Skiing,10
2270,LTU,Athletics,112
2271,LTU,Badminton,3
2272,LTU,Basketball,83
2273,LTU,Biathlon,26
2274,LTU,Boxing,18
2275,LTU,Canoeing,26
2276,LTU,Cross Country Skiing,61
2277,LTU,Cycling,81
2278,LTU,Figure Skating,12
2279,LTU,Football,11
2280,LTU,Gymnastics,23
2281,LTU,Judo,8
2282,LTU,Modern Pentathlon,20
2283,LTU,Rhythmic Gymnastics,1
2284,LTU,Rowing,30
2285,LTU,Sailing,10
2286,LTU,Shooting,6
2287,LTU,Short Track Speed Skating,3
2288,LTU,Speed Skating,4
2289,LTU,Swimming,78
2290,LTU,Table Tennis,5
2291,LTU,Tennis,1
2292,LTU,Weightlifting,6
2293,LTU,Wrestling,16
2294,LUX,Alpine Skiing,14
2295,LUX,Archery,10
2296,LUX,Art Competitions,42
2297,LUX,Athletics,102
2298,LUX,Bobsleigh,9
2299,LUX,Boxing,29
2300,LUX,Canoeing,19
2301,LUX,Cross Country Skiing,1
2302,LUX,Cycling,72
2303,LUX,Fencing,58
2304,LUX,Figure Skating,2
2305,LUX,Football,67
2306,LUX,Gymnastics,433
2307,LUX,Judo,4
2308,LUX,Sailing,1
2309,LUX,Shooting,22
2310,LUX,Swimming,53
2311,LUX,Table Tennis,6
2312,LUX,Tennis,9
2313,LUX,Triathlon,4
2314,LUX,Water Polo,7
2315,LUX,Weightlifting,14
2316,LUX,Wrestling,18
2317,MAD,Alpine Skiing,2
2318,MAD,Athletics,58
2319,MAD,Boxing,12
2320,MAD,Cycling,1
2321,MAD,Judo,13
2322,MAD,Swimming,21
2323,MAD,Tennis,8
2324,MAD,Weightlifting,3
2325,MAD,Wrestling,1
2326,MAL,Athletics,13
2327,MAL,Hockey,17
2328,MAL,Shooting,5
2329,MAL,Swimming,5
2330,MAL,Weightlifting,5
2331,MAR,Alpine Skiing,44
2332,MAR,Archery,1
2333,MAR,Athletics,197
2334,MAR,Basketball,12
2335,MAR,Boxing,83
2336,MAR,Canoeing,3
2337,MAR,Cross Country Skiing,6
2338,MAR,Cycling,20
2339,MAR,Equestrianism,2
2340,MAR,Fencing,30
2341,MAR,Football,110
2342,MAR,Golf,1
2343,MAR,Gymnastics,49
2344,MAR,Judo,29
2345,MAR,Modern Pentathlon,2
2346,MAR,Sailing,2
2347,MAR,Shooting,9
2348,MAR,Swimming,9
2349,MAR,Table Tennis,1
2350,MAR,Taekwondo,15
2351,MAR,Tennis,6
2352,MAR,Weightlifting,11
2353,MAR,Wrestling,40
2354,MAS,Archery,20
2355,MAS,Athletics,66
2356,MAS,Badminton,51
2357,MAS,Boxing,3
2358,MAS,Canoeing,1
2359,MAS,Cycling,51
2360,MAS,Diving,36
2361,MAS,Fencing,4
2362,MAS,Football,15
2363,MAS,Golf,4
2364,MAS,Gymnastics,9
2365,MAS,Hockey,126
2366,MAS,Judo,1
2367,MAS,Sailing,7
2368,MAS,Shooting,22
2369,MAS,Swimming,93
2370,MAS,Table Tennis,4
2371,MAS,Taekwondo,4
2372,MAS,Weightlifting,11
2373,MAS,Wrestling,2
2374,MAW,Archery,1
2375,MAW,Athletics,46
2376,MAW,Boxing,16
2377,MAW,Cycling,17
2378,MAW,Swimming,7
2379,MDA,Alpine Skiing,4
2380,MDA,Archery,4
2381,MDA,Athletics,61
2382,MDA,Biathlon,26
2383,MDA,Boxing,8
2384,MDA,Canoeing,8
2385,MDA,Cross Country Skiing,9
2386,MDA,Cycling,12
2387,MDA,Judo,11
2388,MDA,Luge,4
2389,MDA,Shooting,6
2390,MDA,Swimming,39
2391,MDA,Taekwondo,1
2392,MDA,Tennis,1
2393,MDA,Weightlifting,21
2394,MDA,Wrestling,19
2395,MDV,Athletics,33
2396,MDV,Badminton,1
2397,MDV,Swimming,15
2398,MEX,Alpine Skiing,39
2399,MEX,Archery,56
2400,MEX,Art Competitions,18
2401,MEX,Athletics,372
2402,MEX,Badminton,3
2403,MEX,Basketball,84
2404,MEX,Beach Volleyball,12
2405,MEX,Bobsleigh,19
2406,MEX,Boxing,97
2407,MEX,Canoeing,64
2408,MEX,Cross Country Skiing,7
2409,MEX,Cycling,141
2410,MEX,Diving,164
2411,MEX,Equestrianism,185
2412,MEX,Fencing,127
2413,MEX,Figure Skating,4
2414,MEX,Football,184
2415,MEX,Golf,3
2416,MEX,Gymnastics,244
2417,MEX,Hockey,34
2418,MEX,Judo,30
2419,MEX,Modern Pentathlon,75
2420,MEX,Polo,7
2421,MEX,Rowing,69
2422,MEX,Sailing,64
2423,MEX,Shooting,112
2424,MEX,Skeleton,1
2425,MEX,Swimming,393
2426,MEX,Synchronized Swimming,34
2427,MEX,Table Tennis,5
2428,MEX,Taekwondo,17
2429,MEX,Tennis,30
2430,MEX,Triathlon,11
2431,MEX,Volleyball,36
2432,MEX,Water Polo,40
2433,MEX,Weightlifting,28
2434,MEX,Wrestling,71
2435,MGL,Archery,22
2436,MGL,Athletics,22
2437,MGL,Biathlon,6
2438,MGL,Boxing,54
2439,MGL,Cross Country Skiing,60
2440,MGL,Cycling,24
2441,MGL,Gymnastics,49
2442,MGL,Judo,86
2443,MGL,Shooting,63
2444,MGL,Short Track Speed Skating,6
2445,MGL,Speed Skating,25
2446,MGL,Swimming,9
2447,MGL,Taekwondo,1
2448,MGL,Weightlifting,13
2449,MGL,Wrestling,110
2450,MHL,Athletics,6
2451,MHL,Swimming,6
2452,MHL,Taekwondo,1
2453,MHL,Weightlifting,1
2454,MKD,Alpine Skiing,12
2455,MKD,Athletics,10
2456,MKD,Canoeing,6
2457,MKD,Cross Country Skiing,10
2458,MKD,Judo,1
2459,MKD,Shooting,7
2460,MKD,Swimming,30
2461,MKD,Wrestling,8
2462,MLI,Athletics,33
2463,MLI,Basketball,12
2464,MLI,Boxing,4
2465,MLI,Football,16
2466,MLI,Judo,14
2467,MLI,Swimming,10
2468,MLI,Taekwondo,3
2469,MLT,Alpine Skiing,2
2470,MLT,Archery,4
2471,MLT,Athletics,20
2472,MLT,Cycling,18
2473,MLT,Judo,8
2474,MLT,Sailing,10
2475,MLT,Shooting,18
2476,MLT,Swimming,15
2477,MLT,Water Polo,18
2478,MLT,Weightlifting,1
2479,MLT,Wrestling,4
2480,MNE,Alpine Skiing,5
2481,MNE,Athletics,6
2482,MNE,Boxing,2
2483,MNE,Handball,29
2484,MNE,Judo,3
2485,MNE,Sailing,2
2486,MNE,Shooting,4
2487,MNE,Swimming,3
2488,MNE,Tennis,1
2489,MNE,Water Polo,39
2490,MON,Alpine Skiing,26
2491,MON,Archery,2
2492,MON,Art Competitions,8
2493,MON,Athletics,15
2494,MON,Bobsleigh,35
2495,MON,Cycling,1
2496,MON,Fencing,7
2497,MON,Gymnastics,8
2498,MON,Judo,8
2499,MON,Rowing,7
2500,MON,Sailing,13
2501,MON,Shooting,51
2502,MON,Swimming,12
2503,MON,Taekwondo,1
2504,MON,Triathlon,1
2505,MON,Weightlifting,2
2506,MOZ,Athletics,37
2507,MOZ,Boxing,5
2508,MOZ,Canoeing,4
2509,MOZ,Judo,3
2510,MOZ,Swimming,29
2511,MRI,Archery,3
2512,MRI,Athletics,48
2513,MRI,Badminton,27
2514,MRI,Beach Volleyball,2
2515,MRI,Boxing,14
2516,MRI,Cycling,2
2517,MRI,Judo,6
2518,MRI,Sailing,1
2519,MRI,Swimming,25
2520,MRI,Table Tennis,5
2521,MRI,Triathlon,2
2522,MRI,Weightlifting,7
2523,MRI,Wrestling,2
2524,MTN,Athletics,22
2525,MTN,Wrestling,7
2526,MYA,Archery,5
2527,MYA,Athletics,30
2528,MYA,Boxing,20
2529,MYA,Canoeing,2
2530,MYA,Football,13
2531,MYA,Judo,3
2532,MYA,Rowing,2
2533,MYA,Sailing,6
2534,MYA,Shooting,6
2535,MYA,Swimming,7
2536,MYA,Weightlifting,17
2537,NAM,Athletics,30
2538,NAM,Boxing,13
2539,NAM,Cycling,10
2540,NAM,Gymnastics,5
2541,NAM,Shooting,8
2542,NAM,Swimming,9
2543,NAM,Wrestling,2
2544,NBO,Athletics,2
2545,NCA,Athletics,38
2546,NCA,Baseball,20
2547,NCA,Boxing,14
2548,NCA,Cycling,10
2549,NCA,Judo,5
2550,NCA,Shooting,8
2551,NCA,Swimming,21
2552,NCA,Taekwondo,1
2553,NCA,Weightlifting,11
2554,NCA,Wrestling,1
2555,NED,Alpine Skiing,8
2556,NED,Archery,54
2557,NED,Art Competitions,209
2558,NED,Athletics,511
2559,NED,Badminton,31
2560,NED,Baseball,92
2561,NED,Beach Volleyball,28
2562,NED,Bobsleigh,43
2563,NED,Boxing,65
2564,NED,Canoeing,85
2565,NED,Cycling,473
2566,NED,Diving,35
2567,NED,Equestrianism,248
2568,NED,Fencing,252
2569,NED,Figure Skating,8
2570,NED,Football,111
2571,NED,Freestyle Skiing,1
2572,NED,Golf,1
2573,NED,Gymnastics,349
2574,NED,Handball,14
2575,NED,Hockey,418
2576,NED,Ice Hockey,20
2577,NED,Judo,84
2578,NED,Modern Pentathlon,18
2579,NED,Rowing,470
2580,NED,Sailing,210
2581,NED,Shooting,175
2582,NED,Short Track Speed Skating,78
2583,NED,Snowboarding,14
2584,NED,Softball,30
2585,NED,Speed Skating,503
2586,NED,Swimming,693
2587,NED,Synchronized Swimming,14
2588,NED,Table Tennis,42
2589,NED,Taekwondo,7
2590,NED,Tennis,53
2591,NED,Trampolining,4
2592,NED,Triathlon,13
2593,NED,Tug-Of-War,8
2594,NED,Volleyball,105
2595,NED,Water Polo,195
2596,NED,Weightlifting,23
2597,NED,Wrestling,44
2598,NEP,Alpinism,1
2599,NEP,Archery,1
2600,NEP,Athletics,39
2601,NEP,Boxing,15
2602,NEP,Cross Country Skiing,5
2603,NEP,Judo,4
2604,NEP,Shooting,7
2605,NEP,Swimming,12
2606,NEP,Taekwondo,3
2607,NEP,Weightlifting,7
2608,NFL,Athletics,1
2609,NGR,Athletics,417
2610,NGR,Badminton,5
2611,NGR,Basketball,35
2612,NGR,Boxing,73
2613,NGR,Canoeing,2
2614,NGR,Football,163
2615,NGR,Handball,16
2616,NGR,Judo,11
2617,NGR,Rowing,1
2618,NGR,Swimming,12
2619,NGR,Table Tennis,72
2620,NGR,Taekwondo,7
2621,NGR,Tennis,6
2622,NGR,Weightlifting,27
2623,NGR,Wrestling,35
2624,NIG,Athletics,21
2625,NIG,Boxing,13
2626,NIG,Judo,3
2627,NIG,Rowing,1
2628,NIG,Swimming,8
2629,NIG,Taekwondo,1
2630,NOR,Alpine Skiing,358
2631,NOR,Archery,18
2632,NOR,Art Competitions,17
2633,NOR,Athletics,351
2634,NOR,Badminton,3
2635,NOR,Beach Volleyball,24
2636,NOR,Biathlon,281
2637,NOR,Bobsleigh,44
2638,NOR,Boxing,54
2639,NOR,Canoeing,100
2640,NOR,Cross Country Skiing,578
2641,NOR,Curling,35
2642,NOR,Cycling,152
2643,NOR,Diving,24
2644,NOR,Equestrianism,60
2645,NOR,Fencing,104
2646,NOR,Figure Skating,25
2647,NOR,Football,118
2648,NOR,Freestyle Skiing,29
2649,NOR,Golf,3
2650,NOR,Gymnastics,346
2651,NOR,Handball,116
2652,NOR,Ice Hockey,223
2653,NOR,Judo,4
2654,NOR,Luge,29
2655,NOR,Modern Pentathlon,6
2656,NOR,Nordic Combined,129
2657,NOR,Rhythmic Gymnastics,1
2658,NOR,Rowing,171
2659,NOR,Sailing,266
2660,NOR,Shooting,410
2661,NOR,Short Track Speed Skating,8
2662,NOR,Skeleton,3
2663,NOR,Ski Jumping,180
2664,NOR,Snowboarding,36
2665,NOR,Speed Skating,410
2666,NOR,Swimming,103
2667,NOR,Taekwondo,4
2668,NOR,Tennis,34
2669,NOR,Triathlon,1
2670,NOR,Weightlifting,14
2671,NOR,Wrestling,88
2672,NRU,Judo,2
2673,NRU,Weightlifting,11
2674,NZL,Alpine Skiing,108
2675,NZL,Archery,10
2676,NZL,Athletics,237
2677,NZL,Badminton,15
2678,NZL,Basketball,60
2679,NZL,Beach Volleyball,2
2680,NZL,Biathlon,2
2681,NZL,Bobsleigh,18
2682,NZL,Boxing,28
2683,NZL,Canoeing,75
2684,NZL,Cross Country Skiing,5
2685,NZL,Curling,5
2686,NZL,Cycling,230
2687,NZL,Diving,6
2688,NZL,Equestrianism,121
2689,NZL,Fencing,8
2690,NZL,Football,80
2691,NZL,Freestyle Skiing,10
2692,NZL,Golf,3
2693,NZL,Gymnastics,51
2694,NZL,Hockey,291
2695,NZL,Judo,19
2696,NZL,Luge,2
2697,NZL,Modern Pentathlon,1
2698,NZL,Rhythmic Gymnastics,2
2699,NZL,Rowing,254
2700,NZL,Rugby Sevens,25
2701,NZL,Sailing,154
2702,NZL,Shooting,42
2703,NZL,Short Track Speed Skating,22
2704,NZL,Skeleton,8
2705,NZL,Snowboarding,15
2706,NZL,Softball,15
2707,NZL,Speed Skating,5
2708,NZL,Swimming,306
2709,NZL,Synchronized Swimming,6
2710,NZL,Table Tennis,17
2711,NZL,Taekwondo,8
2712,NZL,Tennis,9
2713,NZL,Trampolining,1
2714,NZL,Triathlon,24
2715,NZL,Water Polo,1
2716,NZL,Weightlifting,24
2717,NZL,Wrestling,17
2718,OMA,Athletics,38
2719,OMA,Boxing,2
2720,OMA,Cycling,1
2721,OMA,Sailing,1
2722,OMA,Shooting,21
2723,OMA,Swimming,3
2724,PAK,Alpine Skiing,2
2725,PAK,Athletics,130
2726,PAK,Boxing,48
2727,PAK,Cycling,31
2728,PAK,Hockey,245
2729,PAK,Judo,1
2730,PAK,Rowing,3
2731,PAK,Sailing,10
2732,PAK,Shooting,22
2733,PAK,Swimming,25
2734,PAK,Table Tennis,1
2735,PAK,Weightlifting,12
2736,PAK,Wrestling,32
2737,PAN,Athletics,36
2738,PAN,Basketball,12
2739,PAN,Boxing,5
2740,PAN,Canoeing,1
2741,PAN,Fencing,3
2742,PAN,Gymnastics,4
2743,PAN,Judo,4
2744,PAN,Shooting,4
2745,PAN,Swimming,33
2746,PAN,Taekwondo,2
2747,PAN,Weightlifting,17
2748,PAN,Wrestling,18
2749,PAR,Athletics,31
2750,PAR,Boxing,4
2751,PAR,Fencing,9
2752,PAR,Football,34
2753,PAR,Freestyle Skiing,1
2754,PAR,Golf,2
2755,PAR,Judo,5
2756,PAR,Rowing,5
2757,PAR,Sailing,2
2758,PAR,Shooting,10
2759,PAR,Swimming,20
2760,PAR,Table Tennis,3
2761,PAR,Tennis,9
2762,PER,Alpine Skiing,8
2763,PER,Art Competitions,3
2764,PER,Athletics,80
2765,PER,Badminton,5
2766,PER,Basketball,32
2767,PER,Boxing,8
2768,PER,Canoeing,1
2769,PER,Cross Country Skiing,2
2770,PER,Cycling,26
2771,PER,Diving,3
2772,PER,Equestrianism,2
2773,PER,Fencing,8
2774,PER,Football,31
2775,PER,Gymnastics,4
2776,PER,Judo,5
2777,PER,Modern Pentathlon,2
2778,PER,Rowing,12
2779,PER,Sailing,6
2780,PER,Shooting,88
2781,PER,Swimming,79
2782,PER,Table Tennis,11
2783,PER,Taekwondo,3
2784,PER,Tennis,3
2785,PER,Volleyball,75
2786,PER,Weightlifting,13
2787,PER,Wrestling,22
2788,PHI,Alpine Skiing,6
2789,PHI,Archery,10
2790,PHI,Art Competitions,2
2791,PHI,Athletics,96
2792,PHI,Badminton,1
2793,PHI,Basketball,79
2794,PHI,Boxing,75
2795,PHI,Cycling,27
2796,PHI,Diving,4
2797,PHI,Equestrianism,3
2798,PHI,Fencing,2
2799,PHI,Figure Skating,1
2800,PHI,Golf,1
2801,PHI,Gymnastics,20
2802,PHI,Judo,15
2803,PHI,Luge,1
2804,PHI,Rowing,2
2805,PHI,Sailing,20
2806,PHI,Shooting,72
2807,PHI,Swimming,197
2808,PHI,Table Tennis,1
2809,PHI,Taekwondo,10
2810,PHI,Weightlifting,23
2811,PHI,Wrestling,26
2812,PLE,Athletics,10
2813,PLE,Equestrianism,1
2814,PLE,Judo,2
2815,PLE,Swimming,8
2816,PLW,Athletics,9
2817,PLW,Canoeing,2
2818,PLW,Judo,1
2819,PLW,Swimming,7
2820,PLW,Weightlifting,2
2821,PLW,Wrestling,4
2822,PNG,Athletics,60
2823,PNG,Boxing,15
2824,PNG,Judo,2
2825,PNG,Sailing,2
2826,PNG,Shooting,3
2827,PNG,Swimming,12
2828,PNG,Taekwondo,4
2829,PNG,Weightlifting,10
2830,POL,Alpine Skiing,125
2831,POL,Archery,66
2832,POL,Art Competitions,163
2833,POL,Athletics,851
2834,POL,Badminton,32
2835,POL,Basketball,82
2836,POL,Beach Volleyball,8
2837,POL,Biathlon,200
2838,POL,Bobsleigh,42
2839,POL,Boxing,137
2840,POL,Canoeing,288
2841,POL,Cross Country Skiing,288
2842,POL,Cycling,242
2843,POL,Diving,21
2844,POL,Equestrianism,128
2845,POL,Fencing,414
2846,POL,Figure Skating,33
2847,POL,Football,106
2848,POL,Freestyle Skiing,2
2849,POL,Gymnastics,641
2850,POL,Handball,72
2851,POL,Hockey,92
2852,POL,Ice Hockey,219
2853,POL,Judo,75
2854,POL,Luge,63
2855,POL,Military Ski Patrol,4
2856,POL,Modern Pentathlon,58
2857,POL,Nordic Combined,43
2858,POL,Rhythmic Gymnastics,15
2859,POL,Rowing,313
2860,POL,Sailing,96
2861,POL,Shooting,179
2862,POL,Short Track Speed Skating,15
2863,POL,Skeleton,1
2864,POL,Ski Jumping,133
2865,POL,Snowboarding,25
2866,POL,Speed Skating,149
2867,POL,Swimming,260
2868,POL,Table Tennis,42
2869,POL,Taekwondo,4
2870,POL,Tennis,38
2871,POL,Triathlon,7
2872,POL,Volleyball,140
2873,POL,Weightlifting,117
2874,POL,Wrestling,178
2875,POR,Alpine Skiing,9
2876,POR,Archery,8
2877,POR,Art Competitions,1
2878,POR,Athletics,325
2879,POR,Badminton,12
2880,POR,Beach Volleyball,8
2881,POR,Bobsleigh,8
2882,POR,Boxing,1
2883,POR,Canoeing,53
2884,POR,Cross Country Skiing,2
2885,POR,Cycling,38
2886,POR,Diving,1
2887,POR,Equestrianism,116
2888,POR,Fencing,113
2889,POR,Football,65
2890,POR,Freestyle Skiing,1
2891,POR,Golf,2
2892,POR,Gymnastics,146
2893,POR,Judo,53
2894,POR,Modern Pentathlon,18
2895,POR,Rhythmic Gymnastics,3
2896,POR,Rowing,41
2897,POR,Sailing,128
2898,POR,Shooting,124
2899,POR,Speed Skating,1
2900,POR,Swimming,160
2901,POR,Table Tennis,16
2902,POR,Taekwondo,2
2903,POR,Tennis,12
2904,POR,Trampolining,7
2905,POR,Triathlon,9
2906,POR,Water Polo,9
2907,POR,Weightlifting,10
2908,POR,Wrestling,20
2909,PRK,Alpine Skiing,3
2910,PRK,Archery,19
2911,PRK,Athletics,40
2912,PRK,Boxing,25
2913,PRK,Cross Country Skiing,14
2914,PRK,Cycling,3
2915,PRK,Diving,31
2916,PRK,Figure Skating,13
2917,PRK,Football,46
2918,PRK,Gymnastics,261
2919,PRK,Judo,35
2920,PRK,Rhythmic Gymnastics,2
2921,PRK,Rowing,6
2922,PRK,Shooting,62
2923,PRK,Short Track Speed Skating,20
2924,PRK,Speed Skating,75
2925,PRK,Synchronized Swimming,6
2926,PRK,Table Tennis,52
2927,PRK,Volleyball,11
2928,PRK,Weightlifting,51
2929,PRK,Wrestling,32
2930,PUR,Alpine Skiing,14
2931,PUR,Archery,7
2932,PUR,Athletics,154
2933,PUR,Baseball,20
2934,PUR,Basketball,108
2935,PUR,Beach Volleyball,2
2936,PUR,Biathlon,2
2937,PUR,Bobsleigh,16
2938,PUR,Boxing,89
2939,PUR,Cycling,5
2940,PUR,Diving,14
2941,PUR,Equestrianism,7
2942,PUR,Fencing,13
2943,PUR,Freestyle Skiing,2
2944,PUR,Gymnastics,45
2945,PUR,Judo,36
2946,PUR,Luge,3
2947,PUR,Rowing,2
2948,PUR,Sailing,42
2949,PUR,Shooting,61
2950,PUR,Softball,15
2951,PUR,Swimming,185
2952,PUR,Synchronized Swimming,2
2953,PUR,Table Tennis,2
2954,PUR,Taekwondo,4
2955,PUR,Tennis,5
2956,PUR,Triathlon,1
2957,PUR,Volleyball,12
2958,PUR,Weightlifting,33
2959,PUR,Wrestling,26
2960,QAT,Archery,1
2961,QAT,Athletics,94
2962,QAT,Beach Volleyball,2
2963,QAT,Boxing,2
2964,QAT,Equestrianism,8
2965,QAT,Fencing,1
2966,QAT,Football,31
2967,QAT,Handball,15
2968,QAT,Judo,1
2969,QAT,Sailing,2
2970,QAT,Shooting,18
2971,QAT,Swimming,7
2972,QAT,Table Tennis,4
2973,QAT,Taekwondo,1
2974,QAT,Weightlifting,5
2975,RHO,Athletics,4
2976,RHO,Boxing,4
2977,RHO,Diving,1
2978,RHO,Sailing,2
2979,RHO,Shooting,1
2980,ROT,Athletics,6
2981,ROT,Judo,2
2982,ROT,Swimming,4
2983,ROU,Alpine Skiing,110
2984,ROU,Archery,5
2985,ROU,Art Competitions,3
2986,ROU,Athletics,325
2987,ROU,Badminton,1
2988,ROU,Basketball,12
2989,ROU,Biathlon,112
2990,ROU,Bobsleigh,155
2991,ROU,Boxing,115
2992,ROU,Canoeing,222
2993,ROU,Cross Country Skiing,98
2994,ROU,Cycling,35
2995,ROU,Diving,23
2996,ROU,Equestrianism,57
2997,ROU,Fencing,311
2998,ROU,Figure Skating,15
2999,ROU,Football,40
3000,ROU,Freestyle Skiing,1
3001,ROU,Gymnastics,1172
3002,ROU,Handball,145
3003,ROU,Ice Hockey,73
3004,ROU,Judo,45
3005,ROU,Luge,41
3006,ROU,Modern Pentathlon,21
3007,ROU,Nordic Combined,1
3008,ROU,Rhythmic Gymnastics,7
3009,ROU,Rowing,358
3010,ROU,Rugby,16
3011,ROU,Sailing,7
3012,ROU,Shooting,135
3013,ROU,Short Track Speed Skating,7
3014,ROU,Skeleton,3
3015,ROU,Ski Jumping,6
3016,ROU,Speed Skating,52
3017,ROU,Swimming,202
3018,ROU,Table Tennis,39
3019,ROU,Tennis,46
3020,ROU,Volleyball,54
3021,ROU,Water Polo,93
3022,ROU,Weightlifting,71
3023,ROU,Wrestling,171
3024,RSA,Alpine Skiing,12
3025,RSA,Archery,13
3026,RSA,Art Competitions,21
3027,RSA,Athletics,376
3028,RSA,Badminton,22
3029,RSA,Baseball,24
3030,RSA,Beach Volleyball,8
3031,RSA,Boxing,75
3032,RSA,Canoeing,40
3033,RSA,Cross Country Skiing,4
3034,RSA,Cycling,136
3035,RSA,Diving,7
3036,RSA,Equestrianism,5
3037,RSA,Fencing,33
3038,RSA,Figure Skating,6
3039,RSA,Football,66
3040,RSA,Golf,4
3041,RSA,Gymnastics,51
3042,RSA,Hockey,129
3043,RSA,Judo,8
3044,RSA,Modern Pentathlon,11
3045,RSA,Rhythmic Gymnastics,2
3046,RSA,Rowing,67
3047,RSA,Rugby Sevens,13
3048,RSA,Sailing,46
3049,RSA,Shooting,102
3050,RSA,Short Track Speed Skating,2
3051,RSA,Skeleton,1
3052,RSA,Swimming,291
3053,RSA,Synchronized Swimming,4
3054,RSA,Table Tennis,2
3055,RSA,Taekwondo,1
3056,RSA,Tennis,51
3057,RSA,Triathlon,13
3058,RSA,Tug-Of-War,5
3059,RSA,Water Polo,17
3060,RSA,Weightlifting,15
3061,RSA,Wrestling,28
3062,RUS,Alpine Skiing,113
3063,RUS,Archery,47
3064,RUS,Art Competitions,4
3065,RUS,Athletics,604
3066,RUS,Badminton,30
3067,RUS,Basketball,94
3068,RUS,Beach Volleyball,18
3069,RUS,Biathlon,197
3070,RUS,Bobsleigh,84
3071,RUS,Boxing,64
3072,RUS,Canoeing,114
3073,RUS,Cross Country Skiing,255
3074,RUS,Curling,23
3075,RUS,Cycling,174
3076,RUS,Diving,77
3077,RUS,Equestrianism,35
3078,RUS,Fencing,218
3079,RUS,Figure Skating,106
3080,RUS,Football,15
3081,RUS,Freestyle Skiing,72
3082,RUS,Golf,1
3083,RUS,Gymnastics,408
3084,RUS,Handball,100
3085,RUS,Ice Hockey,215
3086,RUS,Judo,71
3087,RUS,Luge,61
3088,RUS,Modern Pentathlon,26
3089,RUS,Nordic Combined,44
3090,RUS,Rhythmic Gymnastics,47
3091,RUS,Rowing,86
3092,RUS,Sailing,81
3093,RUS,Shooting,250
3094,RUS,Short Track Speed Skating,69
3095,RUS,Skeleton,14
3096,RUS,Ski Jumping,69
3097,RUS,Snowboarding,38
3098,RUS,Speed Skating,202
3099,RUS,Swimming,381
3100,RUS,Synchronized Swimming,63
3101,RUS,Table Tennis,39
3102,RUS,Taekwondo,11
3103,RUS,Tennis,77
3104,RUS,Trampolining,16
3105,RUS,Triathlon,20
3106,RUS,Volleyball,142
3107,RUS,Water Polo,103
3108,RUS,Weightlifting,45
3109,RUS,Wrestling,120
3110,RWA,Athletics,39
3111,RWA,Cycling,6
3112,RWA,Judo,1
3113,RWA,Swimming,10
3114,SAA,Athletics,8
3115,SAA,Boxing,3
3116,SAA,Canoeing,5
3117,SAA,Fencing,15
3118,SAA,Gymnastics,48
3119,SAA,Rowing,7
3120,SAA,Shooting,3
3121,SAA,Swimming,1
3122,SAA,Wrestling,3
3123,SAM,Archery,2
3124,SAM,Athletics,13
3125,SAM,Boxing,18
3126,SAM,Canoeing,6
3127,SAM,Cycling,1
3128,SAM,Judo,3
3129,SAM,Swimming,2
3130,SAM,Taekwondo,2
3131,SAM,Weightlifting,13
3132,SAM,Wrestling,3
3133,SCG,Alpine Skiing,12
3134,SCG,Athletics,46
3135,SCG,Basketball,36
3136,SCG,Biathlon,2
3137,SCG,Bobsleigh,4
3138,SCG,Boxing,1
3139,SCG,Canoeing,11
3140,SCG,Cross Country Skiing,2
3141,SCG,Cycling,1
3142,SCG,Diving,2
3143,SCG,Fencing,2
3144,SCG,Figure Skating,1
3145,SCG,Football,17
3146,SCG,Handball,15
3147,SCG,Judo,4
3148,SCG,Rowing,12
3149,SCG,Shooting,32
3150,SCG,Swimming,28
3151,SCG,Table Tennis,13
3152,SCG,Tennis,3
3153,SCG,Volleyball,35
3154,SCG,Water Polo,38
3155,SCG,Weightlifting,1
3156,SCG,Wrestling,3
3157,SEN,Alpine Skiing,18
3158,SEN,Athletics,162
3159,SEN,Basketball,60
3160,SEN,Boxing,6
3161,SEN,Canoeing,6
3162,SEN,Fencing,6
3163,SEN,Football,17
3164,SEN,Judo,47
3165,SEN,Sailing,1
3166,SEN,Shooting,2
3167,SEN,Swimming,24
3168,SEN,Table Tennis,1
3169,SEN,Taekwondo,3
3170,SEN,Wrestling,40
3171,SEY,Athletics,47
3172,SEY,Badminton,2
3173,SEY,Boxing,14
3174,SEY,Canoeing,4
3175,SEY,Judo,4
3176,SEY,Sailing,11
3177,SEY,Swimming,24
3178,SEY,Weightlifting,5
3179,SGP,Athletics,28
3180,SGP,Badminton,21
3181,SGP,Basketball,10
3182,SGP,Boxing,1
3183,SGP,Canoeing,2
3184,SGP,Fencing,4
3185,SGP,Gymnastics,4
3186,SGP,Hockey,17
3187,SGP,Judo,2
3188,SGP,Rowing,1
3189,SGP,Sailing,39
3190,SGP,Shooting,16
3191,SGP,Swimming,143
3192,SGP,Table Tennis,40
3193,SGP,Water Polo,10
3194,SGP,Weightlifting,11
3195,SKN,Athletics,42
3196,SLE,Athletics,99
3197,SLE,Boxing,9
3198,SLE,Cycling,1
3199,SLE,Swimming,3
3200,SLE,Weightlifting,2
3201,SLO,Alpine Skiing,198
3202,SLO,Archery,9
3203,SLO,Athletics,97
3204,SLO,Badminton,3
3205,SLO,Biathlon,161
3206,SLO,Canoeing,36
3207,SLO,Cross Country Skiing,75
3208,SLO,Cycling,36
3209,SLO,Figure Skating,7
3210,SLO,Freestyle Skiing,9
3211,SLO,Gymnastics,24
3212,SLO,Handball,47
3213,SLO,Ice Hockey,22
3214,SLO,Judo,25
3215,SLO,Luge,2
3216,SLO,Nordic Combined,15
3217,SLO,Rowing,42
3218,SLO,Sailing,33
3219,SLO,Shooting,25
3220,SLO,Skeleton,1
3221,SLO,Ski Jumping,88
3222,SLO,Snowboarding,26
3223,SLO,Swimming,100
3224,SLO,Table Tennis,4
3225,SLO,Taekwondo,4
3226,SLO,Tennis,20
3227,SLO,Triathlon,2
3228,SMR,Alpine Skiing,29
3229,SMR,Archery,3
3230,SMR,Athletics,20
3231,SMR,Bobsleigh,2
3232,SMR,Cross Country Skiing,6
3233,SMR,Cycling,16
3234,SMR,Gymnastics,7
3235,SMR,Judo,9
3236,SMR,Sailing,3
3237,SMR,Shooting,55
3238,SMR,Swimming,26
3239,SMR,Tennis,2
3240,SMR,Weightlifting,2
3241,SMR,Wrestling,1
3242,SOL,Archery,1
3243,SOL,Athletics,17
3244,SOL,Boxing,1
3245,SOL,Judo,1
3246,SOL,Weightlifting,7
3247,SOM,Athletics,32
3248,SRB,Alpine Skiing,12
3249,SRB,Athletics,39
3250,SRB,Basketball,24
3251,SRB,Biathlon,4
3252,SRB,Bobsleigh,6
3253,SRB,Boxing,1
3254,SRB,Canoeing,31
3255,SRB,Cross Country Skiing,8
3256,SRB,Cycling,6
3257,SRB,Football,15
3258,SRB,Handball,15
3259,SRB,Judo,2
3260,SRB,Rowing,13
3261,SRB,Shooting,45
3262,SRB,Snowboarding,2
3263,SRB,Swimming,32
3264,SRB,Table Tennis,4
3265,SRB,Taekwondo,5
3266,SRB,Tennis,24
3267,SRB,Volleyball,59
3268,SRB,Water Polo,39
3269,SRB,Wrestling,6
3270,SRI,Athletics,67
3271,SRI,Badminton,5
3272,SRI,Boxing,14
3273,SRI,Cycling,1
3274,SRI,Diving,2
3275,SRI,Judo,1
3276,SRI,Sailing,4
3277,SRI,Shooting,22
3278,SRI,Swimming,25
3279,SRI,Weightlifting,4
3280,SRI,Wrestling,1
3281,SSD,Athletics,3
3282,STP,Athletics,12
3283,STP,Canoeing,3
3284,SUD,Athletics,53
3285,SUD,Boxing,20
3286,SUD,Football,14
3287,SUD,Judo,3
3288,SUD,Shooting,6
3289,SUD,Swimming,6
3290,SUD,Table Tennis,1
3291,SUD,Weightlifting,4
3292,SUI,Aeronautics,1
3293,SUI,Alpine Skiing,520
3294,SUI,Alpinism,2
3295,SUI,Archery,16
3296,SUI,Art Competitions,158
3297,SUI,Athletics,421
3298,SUI,Badminton,12
3299,SUI,Basketball,36
3300,SUI,Beach Volleyball,24
3301,SUI,Biathlon,85
3302,SUI,Bobsleigh,242
3303,SUI,Boxing,38
3304,SUI,Canoeing,82
3305,SUI,Cross Country Skiing,415
3306,SUI,Curling,43
3307,SUI,Cycling,290
3308,SUI,Diving,22
3309,SUI,Equestrianism,276
3310,SUI,Fencing,238
3311,SUI,Figure Skating,59
3312,SUI,Football,43
3313,SUI,Freestyle Skiing,61
3314,SUI,Golf,2
3315,SUI,Gymnastics,863
3316,SUI,Handball,59
3317,SUI,Hockey,72
3318,SUI,Ice Hockey,341
3319,SUI,Judo,34
3320,SUI,Luge,23
3321,SUI,Military Ski Patrol,4
3322,SUI,Modern Pentathlon,43
3323,SUI,Nordic Combined,92
3324,SUI,Rhythmic Gymnastics,2
3325,SUI,Rowing,253
3326,SUI,Sailing,160
3327,SUI,Shooting,296
3328,SUI,Skeleton,15
3329,SUI,Ski Jumping,134
3330,SUI,Snowboarding,88
3331,SUI,Speed Skating,34
3332,SUI,Swimming,251
3333,SUI,Synchronized Swimming,25
3334,SUI,Table Tennis,1
3335,SUI,Taekwondo,1
3336,SUI,Tennis,56
3337,SUI,Trampolining,2
3338,SUI,Triathlon,25
3339,SUI,Water Polo,36
3340,SUI,Weightlifting,40
3341,SUI,Wrestling,114
3342,SUR,Athletics,29
3343,SUR,Badminton,3
3344,SUR,Cycling,3
3345,SUR,Judo,5
3346,SUR,Swimming,29
3347,SVK,Alpine Skiing,72
3348,SVK,Archery,2
3349,SVK,Athletics,92
3350,SVK,Badminton,2
3351,SVK,Basketball,12
3352,SVK,Biathlon,138
3353,SVK,Bobsleigh,22
3354,SVK,Boxing,2
3355,SVK,Canoeing,106
3356,SVK,Cross Country Skiing,96
3357,SVK,Cycling,45
3358,SVK,Figure Skating,6
3359,SVK,Football,18
3360,SVK,Freestyle Skiing,2
3361,SVK,Gymnastics,28
3362,SVK,Ice Hockey,155
3363,SVK,Judo,7
3364,SVK,Luge,29
3365,SVK,Nordic Combined,5
3366,SVK,Rowing,5
3367,SVK,Sailing,7
3368,SVK,Shooting,46
3369,SVK,Short Track Speed Skating,7
3370,SVK,Ski Jumping,10
3371,SVK,Snowboarding,4
3372,SVK,Swimming,40
3373,SVK,Synchronized Swimming,6
3374,SVK,Table Tennis,5
3375,SVK,Tennis,46
3376,SVK,Trampolining,1
3377,SVK,Triathlon,3
3378,SVK,Water Polo,13
3379,SVK,Weightlifting,10
3380,SVK,Wrestling,13
3381,SWE,Alpine Skiing,304
3382,SWE,Archery,68
3383,SWE,Art Competitions,107
3384,SWE,Athletics,1007
3385,SWE,Badminton,35
3386,SWE,Basketball,12
3387,SWE,Beach Volleyball,6
3388,SWE,Biathlon,218
3389,SWE,Bobsleigh,75
3390,SWE,Boxing,77
3391,SWE,Canoeing,229
3392,SWE,Cross Country Skiing,596
3393,SWE,Curling,51
3394,SWE,Cycling,238
3395,SWE,Diving,153
3396,SWE,Equestrianism,391
3397,SWE,Fencing,246
3398,SWE,Figure Skating,30
3399,SWE,Football,241
3400,SWE,Freestyle Skiing,47
3401,SWE,Golf,4
3402,SWE,Gymnastics,489
3403,SWE,Handball,166
3404,SWE,Ice Hockey,486
3405,SWE,Judo,28
3406,SWE,Luge,40
3407,SWE,Modern Pentathlon,102
3408,SWE,Nordic Combined,18
3409,SWE,Rhythmic Gymnastics,1
3410,SWE,Rowing,149
3411,SWE,Sailing,326
3412,SWE,Shooting,574
3413,SWE,Short Track Speed Skating,7
3414,SWE,Ski Jumping,92
3415,SWE,Snowboarding,37
3416,SWE,Speed Skating,281
3417,SWE,Swimming,745
3418,SWE,Synchronized Swimming,1
3419,SWE,Table Tennis,61
3420,SWE,Taekwondo,8
3421,SWE,Tennis,129
3422,SWE,Triathlon,4
3423,SWE,Tug-Of-War,27
3424,SWE,Volleyball,12
3425,SWE,Water Polo,71
3426,SWE,Weightlifting,64
3427,SWE,Wrestling,286
3428,SWZ,Alpine Skiing,3
3429,SWZ,Athletics,34
3430,SWZ,Boxing,8
3431,SWZ,Shooting,2
3432,SWZ,Swimming,16
3433,SWZ,Taekwondo,1
3434,SWZ,Weightlifting,3
3435,SYR,Athletics,32
3436,SYR,Boxing,19
3437,SYR,Cycling,1
3438,SYR,Diving,2
3439,SYR,Equestrianism,1
3440,SYR,Football,15
3441,SYR,Judo,9
3442,SYR,Shooting,12
3443,SYR,Swimming,13
3444,SYR,Table Tennis,1
3445,SYR,Triathlon,1
3446,SYR,Weightlifting,12
3447,SYR,Wrestling,38
3448,TAN,Athletics,102
3449,TAN,Boxing,36
3450,TAN,Hockey,16
3451,TAN,Judo,1
3452,TAN,Swimming,6
3453,TCH,Alpine Skiing,118
3454,TCH,Archery,4
3455,TCH,Art Competitions,87
3456,TCH,Athletics,363
3457,TCH,Badminton,2
3458,TCH,Basketball,123
3459,TCH,Biathlon,72
3460,TCH,Bobsleigh,28
3461,TCH,Boxing,51
3462,TCH,Canoeing,169
3463,TCH,Cross Country Skiing,276
3464,TCH,Cycling,173
3465,TCH,Diving,19
3466,TCH,Equestrianism,57
3467,TCH,Fencing,108
3468,TCH,Figure Skating,61
3469,TCH,Football,84
3470,TCH,Gymnastics,1057
3471,TCH,Handball,88
3472,TCH,Hockey,16
3473,TCH,Ice Hockey,266
3474,TCH,Judo,17
3475,TCH,Luge,46
3476,TCH,Military Ski Patrol,4
3477,TCH,Modern Pentathlon,33
3478,TCH,Nordic Combined,52
3479,TCH,Rhythmic Gymnastics,4
3480,TCH,Rowing,246
3481,TCH,Sailing,12
3482,TCH,Shooting,193
3483,TCH,Ski Jumping,86
3484,TCH,Speed Skating,34
3485,TCH,Swimming,110
3486,TCH,Synchronized Swimming,1
3487,TCH,Table Tennis,12
3488,TCH,Tennis,35
3489,TCH,Volleyball,83
3490,TCH,Water Polo,43
3491,TCH,Weightlifting,66
3492,TCH,Wrestling,105
3493,TGA,Archery,3
3494,TGA,Athletics,20
3495,TGA,Boxing,13
3496,TGA,Judo,1
3497,TGA,Luge,1
3498,TGA,Swimming,3
3499,TGA,Taekwondo,1
3500,TGA,Weightlifting,4
3501,THA,Alpine Skiing,3
3502,THA,Archery,7
3503,THA,Athletics,159
3504,THA,Badminton,50
3505,THA,Basketball,9
3506,THA,Boxing,83
3507,THA,Canoeing,1
3508,THA,Cross Country Skiing,3
3509,THA,Cycling,50
3510,THA,Diving,6
3511,THA,Equestrianism,2
3512,THA,Fencing,19
3513,THA,Football,28
3514,THA,Golf,4
3515,THA,Judo,10
3516,THA,Rowing,5
3517,THA,Sailing,32
3518,THA,Shooting,118
3519,THA,Swimming,82
3520,THA,Table Tennis,7
3521,THA,Taekwondo,13
3522,THA,Tennis,13
3523,THA,Weightlifting,43
3524,TJK,Alpine Skiing,10
3525,TJK,Archery,2
3526,TJK,Athletics,11
3527,TJK,Boxing,10
3528,TJK,Diving,2
3529,TJK,Judo,10
3530,TJK,Shooting,4
3531,TJK,Swimming,7
3532,TJK,Taekwondo,2
3533,TJK,Weightlifting,1
3534,TJK,Wrestling,11
3535,TKM,Athletics,11
3536,TKM,Boxing,7
3537,TKM,Judo,10
3538,TKM,Shooting,5
3539,TKM,Swimming,8
3540,TKM,Table Tennis,2
3541,TKM,Weightlifting,9
3542,TKM,Wrestling,2
3543,TLS,Alpine Skiing,1
3544,TLS,Athletics,7
3545,TLS,Cycling,1
3546,TOG,Alpine Skiing,2
3547,TOG,Athletics,31
3548,TOG,Boxing,8
3549,TOG,Canoeing,3
3550,TOG,Cross Country Skiing,1
3551,TOG,Cycling,5
3552,TOG,Judo,3
3553,TOG,Rowing,1
3554,TOG,Swimming,3
3555,TOG,Table Tennis,1
3556,TOG,Tennis,1
3557,TPE,Alpine Skiing,28
3558,TPE,Archery,87
3559,TPE,Athletics,128
3560,TPE,Badminton,34
3561,TPE,Baseball,67
3562,TPE,Basketball,11
3563,TPE,Biathlon,4
3564,TPE,Bobsleigh,34
3565,TPE,Boxing,21
3566,TPE,Cross Country Skiing,7
3567,TPE,Cycling,41
3568,TPE,Diving,6
3569,TPE,Equestrianism,1
3570,TPE,Fencing,9
3571,TPE,Figure Skating,4
3572,TPE,Football,13
3573,TPE,Golf,4
3574,TPE,Gymnastics,92
3575,TPE,Judo,43
3576,TPE,Luge,16
3577,TPE,Modern Pentathlon,3
3578,TPE,Rowing,5
3579,TPE,Sailing,13
3580,TPE,Shooting,57
3581,TPE,Short Track Speed Skating,2
3582,TPE,Softball,45
3583,TPE,Speed Skating,2
3584,TPE,Swimming,159
3585,TPE,Table Tennis,59
3586,TPE,Taekwondo,18
3587,TPE,Tennis,17
3588,TPE,Weightlifting,60
3589,TPE,Wrestling,7
3590,TTO,Athletics,249
3591,TTO,Badminton,1
3592,TTO,Bobsleigh,7
3593,TTO,Boxing,5
3594,TTO,Cycling,47
3595,TTO,Gymnastics,4
3596,TTO,Judo,1
3597,TTO,Rowing,1
3598,TTO,Sailing,7
3599,TTO,Shooting,8
3600,TTO,Swimming,33
3601,TTO,Table Tennis,2
3602,TTO,Taekwondo,2
3603,TTO,Weightlifting,8
3604,TUN,Athletics,74
3605,TUN,Basketball,12
3606,TUN,Beach Volleyball,2
3607,TUN,Boxing,47
3608,TUN,Canoeing,8
3609,TUN,Cycling,10
3610,TUN,Fencing,27
3611,TUN,Football,65
3612,TUN,Gymnastics,8
3613,TUN,Handball,72
3614,TUN,Judo,38
3615,TUN,Modern Pentathlon,6
3616,TUN,Rowing,8
3617,TUN,Sailing,7
3618,TUN,Shooting,5
3619,TUN,Swimming,30
3620,TUN,Table Tennis,17
3621,TUN,Taekwondo,8
3622,TUN,Tennis,6
3623,TUN,Volleyball,70
3624,TUN,Weightlifting,12
3625,TUN,Wrestling,29
3626,TUR,Alpine Skiing,107
3627,TUR,Archery,57
3628,TUR,Art Competitions,3
3629,TUR,Athletics,224
3630,TUR,Badminton,2
3631,TUR,Basketball,42
3632,TUR,Boxing,68
3633,TUR,Canoeing,2
3634,TUR,Cross Country Skiing,67
3635,TUR,Cycling,40
3636,TUR,Diving,2
3637,TUR,Equestrianism,39
3638,TUR,Fencing,35
3639,TUR,Figure Skating,4
3640,TUR,Football,71
3641,TUR,Gymnastics,11
3642,TUR,Judo,33
3643,TUR,Modern Pentathlon,1
3644,TUR,Rowing,3
3645,TUR,Sailing,44
3646,TUR,Shooting,38
3647,TUR,Swimming,100
3648,TUR,Table Tennis,6
3649,TUR,Taekwondo,12
3650,TUR,Tennis,1
3651,TUR,Volleyball,12
3652,TUR,Weightlifting,66
3653,TUR,Wrestling,266
3654,TUV,Athletics,5
3655,TUV,Weightlifting,2
3656,UAE,Athletics,23
3657,UAE,Cycling,16
3658,UAE,Equestrianism,1
3659,UAE,Football,18
3660,UAE,Judo,5
3661,UAE,Sailing,1
3662,UAE,Shooting,16
3663,UAE,Swimming,61
3664,UAE,Taekwondo,1
3665,UAE,Weightlifting,2
3666,UAR,Athletics,2
3667,UAR,Boxing,4
3668,UAR,Diving,4
3669,UAR,Equestrianism,6
3670,UAR,Fencing,9
3671,UAR,Football,17
3672,UAR,Gymnastics,48
3673,UAR,Rowing,9
3674,UAR,Shooting,3
3675,UAR,Water Polo,10
3676,UAR,Weightlifting,7
3677,UAR,Wrestling,4
3678,UGA,Archery,1
3679,UGA,Athletics,143
3680,UGA,Badminton,2
3681,UGA,Boxing,71
3682,UGA,Cycling,2
3683,UGA,Hockey,17
3684,UGA,Swimming,10
3685,UGA,Table Tennis,7
3686,UGA,Weightlifting,7
3687,UKR,Alpine Skiing,36
3688,UKR,Archery,63
3689,UKR,Athletics,390
3690,UKR,Badminton,18
3691,UKR,Basketball,12
3692,UKR,Biathlon,171
3693,UKR,Bobsleigh,14
3694,UKR,Boxing,43
3695,UKR,Canoeing,63
3696,UKR,Cross Country Skiing,150
3697,UKR,Cycling,101
3698,UKR,Diving,63
3699,UKR,Equestrianism,26
3700,UKR,Fencing,91
3701,UKR,Figure Skating,61
3702,UKR,Freestyle Skiing,31
3703,UKR,Gymnastics,336
3704,UKR,Handball,15
3705,UKR,Ice Hockey,22
3706,UKR,Judo,44
3707,UKR,Luge,35
3708,UKR,Modern Pentathlon,15
3709,UKR,Nordic Combined,9
3710,UKR,Rhythmic Gymnastics,34
3711,UKR,Rowing,81
3712,UKR,Sailing,46
3713,UKR,Shooting,98
3714,UKR,Short Track Speed Skating,10
3715,UKR,Ski Jumping,18
3716,UKR,Snowboarding,6
3717,UKR,Speed Skating,17
3718,UKR,Swimming,203
3719,UKR,Synchronized Swimming,18
3720,UKR,Table Tennis,10
3721,UKR,Taekwondo,3
3722,UKR,Tennis,23
3723,UKR,Trampolining,9
3724,UKR,Triathlon,11
3725,UKR,Volleyball,12
3726,UKR,Water Polo,13
3727,UKR,Weightlifting,49
3728,UKR,Wrestling,89
3729,UNK,Art Competitions,2
3730,URS,Alpine Skiing,109
3731,URS,Archery,25
3732,URS,Athletics,855
3733,URS,Basketball,146
3734,URS,Biathlon,63
3735,URS,Bobsleigh,24
3736,URS,Boxing,96
3737,URS,Canoeing,141
3738,URS,Cross Country Skiing,247
3739,URS,Cycling,151
3740,URS,Diving,100
3741,URS,Equestrianism,162
3742,URS,Fencing,279
3743,URS,Figure Skating,94
3744,URS,Football,102
3745,URS,Gymnastics,797
3746,URS,Handball,99
3747,URS,Hockey,47
3748,URS,Ice Hockey,168
3749,URS,Judo,31
3750,URS,Luge,47
3751,URS,Modern Pentathlon,54
3752,URS,Nordic Combined,35
3753,URS,Rhythmic Gymnastics,2
3754,URS,Rowing,321
3755,URS,Sailing,110
3756,URS,Shooting,139
3757,URS,Ski Jumping,54
3758,URS,Speed Skating,222
3759,URS,Swimming,471
3760,URS,Synchronized Swimming,5
3761,URS,Table Tennis,8
3762,URS,Tennis,10
3763,URS,Volleyball,141
3764,URS,Water Polo,99
3765,URS,Weightlifting,71
3766,URS,Wrestling,160
3767,URU,Alpine Skiing,1
3768,URU,Art Competitions,8
3769,URU,Athletics,51
3770,URU,Basketball,81
3771,URU,Boxing,36
3772,URU,Canoeing,4
3773,URU,Cycling,103
3774,URU,Diving,1
3775,URU,Equestrianism,9
3776,URU,Fencing,45
3777,URU,Football,47
3778,URU,Judo,6
3779,URU,Modern Pentathlon,11
3780,URU,Rowing,44
3781,URU,Sailing,32
3782,URU,Shooting,7
3783,URU,Swimming,69
3784,URU,Tennis,2
3785,URU,Water Polo,15
3786,URU,Weightlifting,4
3787,USA,Alpine Skiing,552
3788,USA,Archery,175
3789,USA,Art Competitions,562
3790,USA,Athletics,3211
3791,USA,Badminton,33
3792,USA,Baseball,88
3793,USA,Basketball,341
3794,USA,Beach Volleyball,52
3795,USA,Biathlon,246
3796,USA,Bobsleigh,266
3797,USA,Boxing,255
3798,USA,Canoeing,311
3799,USA,Cross Country Skiing,538
3800,USA,Curling,47
3801,USA,Cycling,523
3802,USA,Diving,278
3803,USA,Equestrianism,456
3804,USA,Fencing,690
3805,USA,Figure Skating,293
3806,USA,Football,301
3807,USA,Freestyle Skiing,105
3808,USA,Golf,116
3809,USA,Gymnastics,2013
3810,USA,Handball,142
3811,USA,Hockey,182
3812,USA,Ice Hockey,498
3813,USA,Jeu De Paume,2
3814,USA,Judo,105
3815,USA,Lacrosse,12
3816,USA,Luge,142
3817,USA,Modern Pentathlon,98
3818,USA,Nordic Combined,128
3819,USA,Polo,12
3820,USA,Rhythmic Gymnastics,21
3821,USA,Roque,4
3822,USA,Rowing,828
3823,USA,Rugby,36
3824,USA,Rugby Sevens,25
3825,USA,Sailing,296
3826,USA,Shooting,645
3827,USA,Short Track Speed Skating,135
3828,USA,Skeleton,25
3829,USA,Ski Jumping,175
3830,USA,Snowboarding,85
3831,USA,Softball,60
3832,USA,Speed Skating,570
3833,USA,Swimming,1638
3834,USA,Synchronized Swimming,62
3835,USA,Table Tennis,69
3836,USA,Taekwondo,18
3837,USA,Tennis,200
3838,USA,Trampolining,8
3839,USA,Triathlon,29
3840,USA,Tug-Of-War,35
3841,USA,Volleyball,263
3842,USA,Water Polo,317
3843,USA,Weightlifting,153
3844,USA,Wrestling,383
3845,UZB,Alpine Skiing,12
3846,UZB,Athletics,94
3847,UZB,Boxing,50
3848,UZB,Canoeing,47
3849,UZB,Cycling,5
3850,UZB,Fencing,3
3851,UZB,Figure Skating,15
3852,UZB,Freestyle Skiing,4
3853,UZB,Gymnastics,35
3854,UZB,Judo,42
3855,UZB,Rhythmic Gymnastics,7
3856,UZB,Rowing,6
3857,UZB,Shooting,20
3858,UZB,Swimming,56
3859,UZB,Table Tennis,2
3860,UZB,Taekwondo,11
3861,UZB,Tennis,6
3862,UZB,Trampolining,5
3863,UZB,Weightlifting,23
3864,UZB,Wrestling,52
3865,VAN,Archery,1
3866,VAN,Athletics,25
3867,VAN,Boxing,2
3868,VAN,Judo,2
3869,VAN,Rowing,1
3870,VAN,Table Tennis,4
3871,VEN,Alpine Skiing,1
3872,VEN,Archery,5
3873,VEN,Art Competitions,1
3874,VEN,Athletics,117
3875,VEN,Basketball,22
3876,VEN,Beach Volleyball,4
3877,VEN,Boxing,82
3878,VEN,Canoeing,5
3879,VEN,Cycling,104
3880,VEN,Diving,18
3881,VEN,Equestrianism,10
3882,VEN,Fencing,90
3883,VEN,Football,16
3884,VEN,Golf,1
3885,VEN,Gymnastics,23
3886,VEN,Judo,40
3887,VEN,Luge,6
3888,VEN,Rowing,2
3889,VEN,Sailing,21
3890,VEN,Shooting,57
3891,VEN,Softball,15
3892,VEN,Swimming,161
3893,VEN,Synchronized Swimming,5
3894,VEN,Table Tennis,12
3895,VEN,Taekwondo,10
3896,VEN,Tennis,11
3897,VEN,Triathlon,2
3898,VEN,Volleyball,22
3899,VEN,Weightlifting,27
3900,VEN,Wrestling,35
3901,VIE,Athletics,29
3902,VIE,Badminton,5
3903,VIE,Boxing,2
3904,VIE,Canoeing,1
3905,VIE,Cycling,1
3906,VIE,Fencing,5
3907,VIE,Gymnastics,14
3908,VIE,Judo,3
3909,VIE,Rowing,6
3910,VIE,Shooting,23
3911,VIE,Swimming,37
3912,VIE,Table Tennis,2
3913,VIE,Taekwondo,9
3914,VIE,Weightlifting,9
3915,VIE,Wrestling,8
3916,VIN,Athletics,36
3917,VIN,Swimming,6
3918,VNM,Athletics,5
3919,VNM,Boxing,1
3920,VNM,Cycling,31
3921,VNM,Fencing,8
3922,VNM,Judo,3
3923,VNM,Shooting,5
3924,VNM,Swimming,9
3925,WIF,Athletics,12
3926,WIF,Cycling,3
3927,WIF,Sailing,2
3928,WIF,Shooting,2
3929,WIF,Weightlifting,1
3930,YAR,Athletics,7
3931,YAR,Judo,2
3932,YAR,Wrestling,2
3933,YEM,Athletics,14
3934,YEM,Gymnastics,4
3935,YEM,Judo,8
3936,YEM,Swimming,3
3937,YEM,Taekwondo,2
3938,YEM,Wrestling,1
3939,YMD,Athletics,3
3940,YMD,Boxing,2
3941,YUG,Alpine Skiing,150
3942,YUG,Archery,2
3943,YUG,Art Competitions,15
3944,YUG,Athletics,195
3945,YUG,Basketball,132
3946,YUG,Biathlon,26
3947,YUG,Bobsleigh,22
3948,YUG,Boxing,45
3949,YUG,Canoeing,48
3950,YUG,Cross Country Skiing,134
3951,YUG,Cycling,82
3952,YUG,Diving,2
3953,YUG,Equestrianism,7
3954,YUG,Fencing,25
3955,YUG,Figure Skating,4
3956,YUG,Football,160
3957,YUG,Gymnastics,647
3958,YUG,Handball,115
3959,YUG,Ice Hockey,93
3960,YUG,Judo,24
3961,YUG,Luge,5
3962,YUG,Nordic Combined,7
3963,YUG,Rhythmic Gymnastics,4
3964,YUG,Rowing,132
3965,YUG,Sailing,18
3966,YUG,Shooting,57
3967,YUG,Ski Jumping,72
3968,YUG,Speed Skating,24
3969,YUG,Swimming,104
3970,YUG,Table Tennis,9
3971,YUG,Tennis,6
3972,YUG,Volleyball,12
3973,YUG,Water Polo,122
3974,YUG,Weightlifting,4
3975,YUG,Wrestling,79
3976,ZAM,Athletics,70
3977,ZAM,Badminton,1
3978,ZAM,Boxing,51
3979,ZAM,Fencing,1
3980,ZAM,Football,32
3981,ZAM,Judo,12
3982,ZAM,Swimming,14
3983,ZAM,Wrestling,2
3984,ZIM,Alpine Skiing,2
3985,ZIM,Archery,9
3986,ZIM,Athletics,82
3987,ZIM,Boxing,11
3988,ZIM,Cycling,9
3989,ZIM,Diving,17
3990,ZIM,Equestrianism,1
3991,ZIM,Football,17
3992,ZIM,Hockey,30
3993,ZIM,Judo,7
3994,ZIM,Rowing,7
3995,ZIM,Sailing,8
3996,ZIM,Shooting,21
3997,ZIM,Swimming,67
3998,ZIM,Tennis,19
3999,ZIM,Triathlon,3
4000,ZIM,Weightlifting,1
