Sport,AFG,AHO,ALB,ALG,AND,ANG,ANT,ANZ,ARG,ARM,ARU,ASA,AUS,AUT,AZE,BAH,BAN,BAR,BDI,BEL,BEN,BER,BHU,BIH,BIZ,BLR,BOH,BOL,BOT,BRA,BRN,BRU,BUL,BUR,CAF,CAM,CAN,CAY,CGO,CHA,CHI,CHN,CIV,CMR,COD,COK,COL,COM,CPV,CRC,CRO,CRT,CUB,CYP,CZE,DEN,DJI,DMA,DOM,ECU,EGY,ERI,ESA,ESP,EST,ETH,EUN,FIJ,FIN,FRA,FRG,FSM,GAB,GAM,GBR,GBS,GDR,GEO,GEQ,GER,GHA,GRE,GRN,GUA,GUI,GUM,GUY,HAI,HKG,HON,HUN,INA,IND,IOA,IRI,IRL,IRQ,ISL,ISR,ISV,ITA,IVB,JAM,JOR,JPN,KAZ,KEN,KGZ,KIR,KOR,KOS,KSA,KUW,LAO,LAT,LBA,LBR,LCA,LES,LIB,LIE,LTU,LUX,MAD,MAL,MAR,MAS,MAW,MDA,MDV,MEX,MGL,MHL,MKD,MLI,MLT,MNE,MON,MOZ,MRI,MTN,MYA,NAM,NBO,NCA,NED,NEP,NFL,NGR,NIG,NOR,NRU,NZL,OMA,PAK,PAN,PAR,PER,PHI,PLE,PLW,PNG,POL,POR,PRK,PUR,QAT,RHO,ROT,ROU,RSA,RUS,RWA,SAA,SAM,SCG,SEN,SEY,SGP,SKN,SLE,SLO,SMR,SOL,SOM,SRB,SRI,SSD,STP,SUD,SUI,SUR,SVK,SWE,SWZ,SYR,TAN,TCH,TGA,THA,TJK,TKM,TLS,TOG,TPE,TTO,TUN,TUR,TUV,UAE,UAR,UGA,UKR,UNK,URS,URU,USA,UZB,VAN,VEN,VIE,VIN,VNM,WIF,YAR,YEM,YMD,YUG,ZAM,ZIM
Aeronautics,,,,,,,,,,,,,,,,,,,,,,,,,,,,,,,,,,,,,,,,,,,,,,,,,,,,,,,,,,,,,,,,,,,,,,,,,,,,,,,,,,,,,,,,,,,,,,,,,,,,,,,,,,,,,,,,,,,,,,,,,,,,,,,,,,,,,,,,,,,,,,,,,,,,,,,,,,,,,,,,,,,,,,,,,,,,,,,,,,,,,,,,,,,,,,,1.0,,,,,,,,,,,,,,,,,,,,,,,,,,,,,,,,,,,,,,,
Alpine Skiing,,,7.0,10.0,105.0,,,,262.0,11.0,,,141.0,556.0,7.0,,,,,48.0,,,,29.0,,14.0,,31.0,,33.0,,,143.0,,,,419.0,3.0,,,162.0,32.0,,,,,2.0,,,15.0,93.0,,,47.0,116.0,20.0,,,,,3.0,,,218.0,13.0,,19.0,2.0,87.0,476.0,146.0,,,,338.0,,3.0,24.0,,255.0,1.0,100.0,,11.0,,,,,,,99.0,,16.0,,72.0,17.0,,145.0,4.0,9.0,498.0,,,,198.0,31.0,,6.0,,76.0,,,,,28.0,,,,,89.0,205.0,10.0,14.0,2.0,,44.0,,,4.0,,39.0,,,12.0,,2.0,5.0,26.0,,,,,,,,8.0,,,,,358.0,,108.0,,2.0,,,8.0,6.0,,,,125.0,9.0,3.0,14.0,,,,110.0,12.0,113.0,,,,12.0,18.0,,,,,198.0,29.0,,,12.0,,,,,520.0,,72.0,304.0,3.0,,,118.0,,3.0,10.0,,1.0,2.0,28.0,,,107.0,,,,,36.0,,109.0,1.0,552.0,12.0,,1.0,,,,,,,,150.0,,2.0
Alpinism,,,,,,,,,,,,,1.0,,,,,,,,,,,,,,,,,,,,,,,,,,,,,,,,,,,,,,,,,,,,,,,,,,,,,,,,,,,,,,12.0,,,,,2.0,,,,,,,,,,,,,7.0,,,,,,,,,,,,,,,,,,,,,,,,,,,,,,,,,,,,,,,,,,,,,,,,,,,,,,1.0,,,,,,,,,,,,,,,,,,,,,,,,,,,,,,,,,,,,,,,,,,,,2.0,,,,,,,,,,,,,,,,,,,,,,,,,,,,,,,,,,,,,,,
Archery,,,,,,,,,2.0,,,1.0,73.0,4.0,1.0,,2.0,,,81.0,,,34.0,,,10.0,,,,21.0,,,7.0,,1.0,,46.0,,,,3.0,98.0,2.0,,,,17.0,,,5.0,,,8.0,2.0,2.0,27.0,,,1.0,,11.0,,2.0,36.0,4.0,,12.0,3.0,45.0,151.0,24.0,,,,133.0,,,18.0,,38.0,,17.0,,,,1.0,,,11.0,,14.0,38.0,56.0,,5.0,11.0,1.0,,,,93.0,,,1.0,92.0,27.0,4.0,,,102.0,,5.0,,1.0,,1.0,,,,,,,10.0,,,1.0,20.0,1.0,4.0,,56.0,22.0,,,,4.0,,2.0,,3.0,,5.0,,,,54.0,1.0,,,,18.0,,10.0,,,,,,10.0,,,,66.0,8.0,19.0,7.0,1.0,,,5.0,13.0,47.0,,,2.0,,,,,,,9.0,3.0,1.0,,,,,,,16.0,,2.0,68.0,,,,4.0,3.0,7.0,2.0,,,,87.0,,,57.0,,,,1.0,63.0,,25.0,,175.0,,1.0,5.0,,,,,,,,2.0,,9.0
Art Competitions,,,,,,,,,2.0,,,,3.0,199.0,,,,,,171.0,,,,,,,1.0,1.0,,1.0,,,5.0,,,,83.0,,,,,5.0,,,,,1.0,,,,,,3.0,,,104.0,,,,,3.0,,4.0,3.0,,,,,9.0,366.0,,,,,339.0,,,,,356.0,,9.0,,1.0,,,,1.0,,,87.0,,2.0,,,42.0,,1.0,,,189.0,,,,129.0,,,,,,,,,,24.0,,,,,,,,42.0,,,,,,,,18.0,,,,,,,8.0,,,,,,,,209.0,,,,,17.0,,,,,,,3.0,2.0,,,,163.0,1.0,,,,,,3.0,21.0,4.0,,,,,,,,,,,,,,,,,,,158.0,,,107.0,,,,87.0,,,,,,,,,,3.0,,,,,,2.0,,8.0,562.0,,,1.0,,,,,,,,15.0,,
Athletics,22.0,14.0,12.0,139.0,13.0,29.0,96.0,22.0,247.0,18.0,9.0,11.0,994.0,327.0,21.0,251.0,28.0,109.0,30.0,519.0,42.0,62.0,,21.0,38.0,246.0,39.0,39.0,74.0,519.0,73.0,6.0,306.0,26.0,29.0,17.0,1153.0,17.0,58.0,37.0,167.0,457.0,100.0,97.0,34.0,14.0,208.0,14.0,11.0,41.0,64.0,10.0,442.0,67.0,183.0,257.0,28.0,15.0,73.0,83.0,63.0,41.0,37.0,637.0,125.0,289.0,114.0,65.0,912.0,1500.0,392.0,10.0,22.0,50.0,2244.0,12.0,366.0,18.0,37.0,1254.0,190.0,668.0,38.0,76.0,29.0,20.0,53.0,59.0,36.0,30.0,767.0,44.0,269.0,13.0,61.0,300.0,50.0,117.0,84.0,61.0,1021.0,31.0,680.0,21.0,782.0,138.0,466.0,33.0,7.0,243.0,2.0,105.0,49.0,28.0,146.0,27.0,70.0,19.0,51.0,29.0,33.0,112.0,102.0,58.0,13.0,197.0,66.0,46.0,61.0,33.0,372.0,22.0,6.0,10.0,33.0,20.0,6.0,15.0,37.0,48.0,22.0,30.0,30.0,2.0,38.0,511.0,39.0,1.0,417.0,21.0,351.0,,237.0,38.0,130.0,36.0,31.0,80.0,96.0,10.0,9.0,60.0,851.0,325.0,40.0,154.0,94.0,4.0,6.0,325.0,376.0,604.0,39.0,8.0,13.0,46.0,162.0,47.0,28.0,42.0,99.0,97.0,20.0,17.0,32.0,39.0,67.0,3.0,12.0,53.0,421.0,29.0,92.0,1007.0,34.0,32.0,102.0,363.0,20.0,159.0,11.0,11.0,7.0,31.0,128.0,249.0,74.0,224.0,5.0,23.0,2.0,143.0,390.0,,855.0,51.0,3211.0,94.0,25.0,117.0,29.0,36.0,5.0,12.0,7.0,14.0,3.0,195.0,70.0,82.0
Badminton,,,,1.0,,,,,,,,,57.0,9.0,,,,,,6.0,,,,,,6.0,,,,2.0,,1.0,32.0,,,,61.0,,,,,129.0,,,,,,,,,,,1.0,,6.0,104.0,,,,,2.0,,,11.0,5.0,,2.0,,14.0,20.0,,,,,83.0,,,,,50.0,,2.0,,5.0,,,,,36.0,,7.0,98.0,27.0,,1.0,7.0,,8.0,2.0,,3.0,,1.0,,73.0,,,,,112.0,,,,,,,,,,,,3.0,,,,,51.0,,,1.0,3.0,,,,,,,,,27.0,,,,,,31.0,,,5.0,,3.0,,15.0,,,,,5.0,1.0,,,,32.0,12.0,,,,,,1.0,22.0,30.0,,,,,,2.0,21.0,,,3.0,,,,,5.0,,,,12.0,3.0,2.0,35.0,,,,2.0,,50.0,,,,,34.0,1.0,,2.0,,,,2.0,18.0,,,,33.0,,,,5.0,,,,,,,,1.0,
Baseball,,,,,,,,,,,,,68.0,,,,,,,,,,,,,,,,,,,,,,,,48.0,,,,,24.0,,,,,,,,,,,112.0,,,,,,20.0,,,,,20.0,,,,,,,,,,,,,,,,,,23.0,,,,,,,,,,,,,,,,,,,88.0,,,,112.0,,,,,68.0,,,,,,,,,,,,,,,,,,,,,,,,,,,,,,,,,,,20.0,92.0,,,,,,,,,,,,,,,,,,,,20.0,,,,,24.0,,,,,,,,,,,,,,,,,,,,,,,,,,,,,,,,,,67.0,,,,,,,,,,,,88.0,,,,,,,,,,,,,
Basketball,,,,,,71.0,,,88.0,,,,262.0,,,,,,,34.0,,,,,,22.0,,,,255.0,,,85.0,,12.0,,178.0,,,,43.0,223.0,,,12.0,,,,,,58.0,,121.0,,36.0,,,,,,77.0,,,191.0,8.0,,24.0,,23.0,147.0,24.0,,,,37.0,,,,,34.0,,60.0,,,,,,,,,61.0,,12.0,,25.0,13.0,10.0,,12.0,,184.0,,,,115.0,,,,,134.0,,,,,19.0,,,,,,,83.0,,,,12.0,,,,,84.0,,,,12.0,,,,,,,,,,,,,,35.0,,,,60.0,,,12.0,,32.0,79.0,,,,82.0,,,108.0,,,,12.0,,94.0,,,,36.0,60.0,,10.0,,,,,,,24.0,,,,,36.0,,12.0,12.0,,,,123.0,,9.0,,,,,11.0,,12.0,42.0,,,,,12.0,,146.0,81.0,341.0,,,22.0,,,,,,,,132.0,,
Basque Pelota,,,,,,,,,,,,,,,,,,,,,,,,,,,,,,,,,,,,,,,,,,,,,,,,,,,,,,,,,,,,,,,,2.0,,,,,,,,,,,,,,,,,,,,,,,,,,,,,,,,,,,,,,,,,,,,,,,,,,,,,,,,,,,,,,,,,,,,,,,,,,,,,,,,,,,,,,,,,,,,,,,,,,,,,,,,,,,,,,,,,,,,,,,,,,,,,,,,,,,,,,,,,,,,,,,,,,,,,,,,,,,,,,,,,,,,,,
Beach Volleyball,,,,,,2.0,,,14.0,,,,36.0,20.0,,,,,,2.0,,,,,,,,,,48.0,,,4.0,,,,26.0,,,,2.0,20.0,,,,,,,,2.0,,,14.0,,18.0,,,,,,2.0,,,18.0,4.0,,,,,10.0,,,,,6.0,,,4.0,,42.0,,14.0,,,,,,,,,,4.0,,,,,,,,,24.0,,,,18.0,,,,,,,,,,8.0,,,,,,,,,,,,,,,,12.0,,,,,,,,,2.0,,,,,,28.0,,,,,24.0,,2.0,,,,,,,,,,8.0,8.0,,2.0,2.0,,,,8.0,18.0,,,,,,,,,,,,,,,,,,,24.0,,,6.0,,,,,,,,,,,,,2.0,,,,,,,,,,52.0,,,4.0,,,,,,,,,,
Biathlon,,,,,2.0,,,,40.0,,,,22.0,167.0,,,,,,,,,,8.0,,185.0,,,,2.0,,,139.0,,,,152.0,,,,8.0,129.0,,,,,,,,2.0,9.0,,,,177.0,2.0,,,,,,,,13.0,140.0,,23.0,,175.0,277.0,49.0,,,,106.0,,55.0,,,233.0,,17.0,,,,1.0,,,,,67.0,,,,,,,,,,230.0,,,,162.0,94.0,,6.0,,41.0,,,,,118.0,,,,,,,26.0,,,,,,,26.0,,,6.0,,,,,,,,,,,,,,,,,,,281.0,,2.0,,,,,,,,,,200.0,,,2.0,,,,112.0,,197.0,,,,2.0,,,,,,161.0,,,,4.0,,,,,85.0,,138.0,218.0,,,,72.0,,,,,,,4.0,,,,,,,,171.0,,63.0,,246.0,,,,,,,,,,,26.0,,
Bobsleigh,,4.0,,,,,,,29.0,4.0,,2.0,41.0,198.0,,,,,,56.0,,,,12.0,,,,,,14.0,,,20.0,,,,169.0,,,,,,,,,,,,,,14.0,,,,49.0,,,,,,,,,18.0,,,12.0,,,152.0,72.0,,,,210.0,,48.0,,,182.0,,10.0,,,,,,,,,19.0,,,,,16.0,,,,38.0,230.0,,30.0,,92.0,,,,,18.0,,,,,74.0,,,,,,6.0,,9.0,,,,,,,,19.0,,,,,,,35.0,,,,,,,,43.0,,,,,44.0,,18.0,,,,,,,,,,42.0,8.0,,16.0,,,,155.0,,84.0,,,,4.0,,,,,,,2.0,,,6.0,,,,,242.0,,22.0,75.0,,,,28.0,,,,,,,34.0,7.0,,,,,,,14.0,,24.0,,266.0,,,,,,,,,,,22.0,,
Boxing,5.0,,,69.0,1.0,7.0,2.0,1.0,133.0,18.0,2.0,5.0,125.0,37.0,37.0,7.0,,9.0,,57.0,13.0,4.0,,,1.0,22.0,,1.0,10.0,80.0,,,99.0,4.0,6.0,5.0,141.0,,5.0,1.0,38.0,50.0,8.0,42.0,14.0,3.0,47.0,,2.0,3.0,8.0,,126.0,,7.0,84.0,,,51.0,24.0,81.0,,2.0,72.0,4.0,27.0,12.0,5.0,72.0,172.0,37.0,1.0,12.0,1.0,224.0,,45.0,11.0,,108.0,56.0,33.0,9.0,7.0,7.0,1.0,18.0,6.0,2.0,6.0,110.0,21.0,56.0,1.0,55.0,124.0,22.0,,5.0,10.0,175.0,,22.0,5.0,77.0,56.0,62.0,12.0,,110.0,,,3.0,9.0,3.0,,4.0,,10.0,9.0,,18.0,29.0,12.0,,83.0,3.0,16.0,8.0,,97.0,54.0,,,4.0,,2.0,,5.0,14.0,,20.0,13.0,,14.0,65.0,15.0,,73.0,13.0,54.0,,28.0,2.0,48.0,5.0,4.0,8.0,75.0,,,15.0,137.0,1.0,25.0,89.0,2.0,4.0,,115.0,75.0,64.0,,3.0,18.0,1.0,6.0,14.0,1.0,,9.0,,,1.0,,1.0,14.0,,,20.0,38.0,,2.0,77.0,8.0,19.0,36.0,51.0,13.0,83.0,10.0,7.0,,8.0,21.0,5.0,47.0,68.0,,,4.0,71.0,43.0,,96.0,36.0,255.0,50.0,2.0,82.0,2.0,,1.0,,,,2.0,45.0,51.0,11.0
Canoeing,,,,,1.0,6.0,3.0,,49.0,2.0,,,242.0,120.0,7.0,,,,,96.0,,,,3.0,,60.0,,2.0,,49.0,,,133.0,,,,300.0,,,,2.0,111.0,20.0,,,5.0,,,,6.0,26.0,,52.0,,105.0,124.0,,,,2.0,4.0,,,192.0,6.0,,23.0,,100.0,280.0,104.0,,,,262.0,,99.0,1.0,,281.0,,15.0,,1.0,,2.0,,,27.0,,306.0,7.0,,7.0,6.0,48.0,,,15.0,,180.0,,,,98.0,68.0,,4.0,,48.0,,,,,20.0,,,,,1.0,,26.0,19.0,,,3.0,1.0,,8.0,,64.0,,,6.0,,,,,4.0,,,2.0,,,,85.0,,,2.0,,100.0,,75.0,,,1.0,,1.0,,,2.0,,288.0,53.0,,,,,,222.0,40.0,114.0,,5.0,6.0,11.0,6.0,4.0,2.0,,,36.0,,,,31.0,,,3.0,,82.0,,106.0,229.0,,,,169.0,,1.0,,,,3.0,,,8.0,2.0,,,,,63.0,,141.0,4.0,311.0,47.0,,5.0,1.0,,,,,,,48.0,,
Cricket,,,,,,,,,,,,,,,,,,,,,,,,,,,,,,,,,,,,,,,,,,,,,,,,,,,,,,,,,,,,,,,,,,,,,,3.0,,,,,21.0,,,,,,,,,,,,,,,,,,,,,,,,,,,,,,,,,,,,,,,,,,,,,,,,,,,,,,,,,,,,,,,,,,,,,,,,,,,,,,,,,,,,,,,,,,,,,,,,,,,,,,,,,,,,,,,,,,,,,,,,,,,,,,,,,,,,,,,,,,,,,,,,,,,,,,,,,,,
Croquet,,,,,,,,,,,,,,,,,,,,,,,,,,,,,,,,,,,,,,,,,,,,,,,,,,,,,,,,,,,,,,,,,,,,,,19.0,,,,,,,,,,,,,,,,,,,,,,,,,,,,,,,,,,,,,,,,,,,,,,,,,,,,,,,,,,,,,,,,,,,,,,,,,,,,,,,,,,,,,,,,,,,,,,,,,,,,,,,,,,,,,,,,,,,,,,,,,,,,,,,,,,,,,,,,,,,,,,,,,,,,,,,,,,,,,,,,
Cross Country Skiing,,,,2.0,7.0,,,,41.0,22.0,,,61.0,241.0,,,,,,,,2.0,,9.0,,182.0,,,,8.0,,,176.0,,,,371.0,,,,1.0,136.0,,2.0,,,,,,7.0,46.0,,,,206.0,33.0,,1.0,,,,,,108.0,197.0,2.0,40.0,2.0,590.0,383.0,128.0,,,,130.0,,143.0,,,348.0,,50.0,,4.0,,,,,,3.0,51.0,,3.0,,5.0,4.0,,53.0,,,528.0,,,,321.0,240.0,4.0,1.0,,107.0,,,,,61.0,,,,,1.0,46.0,61.0,1.0,,,6.0,,,9.0,,7.0,60.0,,10.0,,,,,,,,,,,,,5.0,,,,578.0,,5.0,,,,,2.0,,,,,288.0,2.0,14.0,,,,,98.0,4.0,255.0,,,,2.0,,,,,,75.0,6.0,,,8.0,,,,,415.0,,96.0,596.0,,,,276.0,,3.0,,,,1.0,7.0,,,67.0,,,,,150.0,,247.0,,538.0,,,,,,,,,,,134.0,,
Curling,,,,,,,,,,,,,,,,,,,,,,,,,,,,,,,,,,,,,48.0,,,,,17.0,,,,,,,,,,,,,,36.0,,,,,,,,,,,,,9.0,14.0,,,,,52.0,,,,,40.0,,,,,,,,,,,,,,,,,,,,,9.0,,,,29.0,,,,,5.0,,,,,,,,,,,,,,,,,,,,,,,,,,,,,,,,,,,,,,,,,35.0,,5.0,,,,,,,,,,,,,,,,,,,23.0,,,,,,,,,,,,,,,,,,,43.0,,,51.0,,,,,,,,,,,,,,,,,,,,,,,47.0,,,,,,,,,,,,,
Cycling,,,1.0,6.0,5.0,,17.0,,179.0,1.0,3.0,,428.0,214.0,6.0,2.0,,24.0,,340.0,2.0,4.0,,,27.0,38.0,11.0,10.0,,95.0,7.0,,81.0,,7.0,8.0,322.0,31.0,,,88.0,96.0,,28.0,18.0,,193.0,,,20.0,8.0,,70.0,4.0,76.0,323.0,,,1.0,26.0,13.0,2.0,17.0,232.0,31.0,56.0,21.0,1.0,123.0,679.0,93.0,,,,634.0,,74.0,1.0,,416.0,,82.0,,35.0,,18.0,16.0,,54.0,,121.0,12.0,40.0,8.0,70.0,73.0,3.0,,4.0,2.0,447.0,,35.0,,170.0,41.0,1.0,5.0,,113.0,1.0,14.0,,1.0,62.0,14.0,,,1.0,13.0,14.0,81.0,72.0,1.0,,20.0,51.0,17.0,12.0,,141.0,24.0,,,,18.0,,1.0,,2.0,,,10.0,,10.0,473.0,,,,,152.0,,230.0,1.0,31.0,,,26.0,27.0,,,,242.0,38.0,3.0,5.0,,,,35.0,136.0,174.0,6.0,,1.0,1.0,,,,,1.0,36.0,16.0,,,6.0,1.0,,,,290.0,3.0,45.0,238.0,,1.0,,173.0,,50.0,,,1.0,5.0,41.0,47.0,10.0,40.0,,16.0,,2.0,101.0,,151.0,103.0,523.0,5.0,,104.0,1.0,,31.0,3.0,,,,82.0,,9.0
Diving,,,,,,,,1.0,9.0,3.0,,,152.0,75.0,2.0,1.0,,1.0,,12.0,,4.0,,,,19.0,,2.0,,46.0,,,5.0,,,,156.0,,,,4.0,112.0,,,,,24.0,,,2.0,1.0,,33.0,,1.0,29.0,,,5.0,2.0,30.0,,,37.0,,,8.0,,49.0,80.0,39.0,,,,221.0,,43.0,3.0,,159.0,,26.0,,,,,,,7.0,,39.0,4.0,2.0,,1.0,2.0,,,3.0,,100.0,,2.0,,92.0,13.0,,,,27.0,,,8.0,,,,,,,,,,,,,,36.0,,,,164.0,,,,,,,,,,,,,,,35.0,,,,,24.0,,6.0,,,,,3.0,4.0,,,,21.0,1.0,31.0,14.0,,1.0,,23.0,7.0,77.0,,,,2.0,,,,,,,,,,,2.0,,,,22.0,,,153.0,,2.0,,19.0,,6.0,2.0,,,,6.0,,,2.0,,,4.0,,63.0,,100.0,1.0,278.0,,,18.0,,,,,,,,2.0,,17.0
Equestrianism,,2.0,,,,,,,156.0,,,,231.0,110.0,2.0,,,,,206.0,,11.0,,,,6.0,,3.0,,170.0,,,75.0,,,2.0,260.0,,,,51.0,11.0,,,,,19.0,,,,2.0,,,,2.0,140.0,,,1.0,3.0,19.0,,,203.0,,,15.0,,57.0,463.0,107.0,,,,378.0,,28.0,,,301.0,,12.0,,6.0,,,,,6.0,,84.0,,10.0,,1.0,183.0,,,,4.0,293.0,,2.0,4.0,199.0,,,,,54.0,,28.0,,,,,,,,,1.0,,,,,2.0,,,,,185.0,,,,,,,,,,,,,,,248.0,,,,,60.0,,121.0,,,,,2.0,3.0,1.0,,,128.0,116.0,,7.0,8.0,,,57.0,5.0,35.0,,,,,,,,,,,,,,,,,,,276.0,,,391.0,,1.0,,57.0,,2.0,,,,,1.0,,,39.0,,1.0,6.0,,26.0,,162.0,9.0,456.0,,,10.0,,,,,,,,7.0,,1.0
Fencing,,4.0,,21.0,,,,,239.0,,2.0,,147.0,215.0,4.0,,,,,344.0,1.0,,,,,24.0,51.0,4.0,,94.0,7.0,,46.0,1.0,,,258.0,,1.0,,45.0,227.0,1.0,,,,62.0,,,2.0,1.0,,180.0,,3.0,229.0,,,,,181.0,,,140.0,31.0,,32.0,,61.0,982.0,153.0,,,,590.0,,50.0,2.0,,382.0,,149.0,,7.0,,,,5.0,68.0,1.0,628.0,11.0,,2.0,56.0,53.0,,,21.0,5.0,736.0,,,2.0,169.0,10.0,,2.0,,198.0,,12.0,57.0,,1.0,,,,,55.0,,,58.0,,,30.0,4.0,,,,127.0,,,,,,,7.0,,,,,,,,252.0,,,,,104.0,,8.0,,,3.0,9.0,8.0,2.0,,,,414.0,113.0,,13.0,1.0,,,311.0,33.0,218.0,,15.0,,2.0,6.0,,4.0,,,,,,,,,,,,238.0,,,246.0,,,,108.0,,19.0,,,,,9.0,,27.0,35.0,,,9.0,,91.0,,279.0,45.0,690.0,3.0,,90.0,5.0,,8.0,,,,,25.0,1.0,
Figure Skating,,,,,,,,,1.0,9.0,,,39.0,101.0,11.0,,,,,23.0,,,,,,10.0,,,,1.0,,,18.0,,,,228.0,,,,,70.0,,,,,,,,,5.0,,,,25.0,7.0,,,,,,,,11.0,16.0,,17.0,,29.0,130.0,45.0,,,,174.0,,45.0,7.0,,109.0,,,,,,,,,,,61.0,,,,,,,,17.0,,90.0,,,,91.0,11.0,,,,24.0,,,,,9.0,,,,,,,12.0,2.0,,,,,,,,4.0,,,,,,,,,,,,,,,8.0,,,,,25.0,,,,,,,,1.0,,,,33.0,,13.0,,,,,15.0,6.0,106.0,,,,1.0,,,,,,7.0,,,,,,,,,59.0,,6.0,30.0,,,,61.0,,,,,,,4.0,,,4.0,,,,,61.0,,94.0,,293.0,15.0,,,,,,,,,,4.0,,
Football,11.0,11.0,,32.0,,,,,142.0,,,,161.0,50.0,,,,,,67.0,,,,,,16.0,,,,306.0,,,69.0,,,,95.0,,,,53.0,129.0,16.0,67.0,,,120.0,,,47.0,,,29.0,,16.0,151.0,,,,,142.0,,18.0,164.0,11.0,,,16.0,51.0,212.0,51.0,,15.0,,161.0,,51.0,,,193.0,98.0,78.0,,53.0,15.0,,,,,68.0,132.0,13.0,51.0,,48.0,23.0,80.0,,32.0,,240.0,,,,220.0,,,,,156.0,,30.0,51.0,,11.0,,,,,,,11.0,67.0,,,110.0,15.0,,,,184.0,,,,16.0,,,,,,,13.0,,,,111.0,,,163.0,,118.0,,80.0,,,,34.0,31.0,,,,,106.0,65.0,46.0,,31.0,,,40.0,66.0,15.0,,,,17.0,17.0,,,,,,,,,15.0,,,,14.0,43.0,,18.0,241.0,,15.0,,84.0,,28.0,,,,,13.0,,65.0,71.0,,18.0,17.0,,,,102.0,47.0,301.0,,,16.0,,,,,,,,160.0,32.0,17.0
Freestyle Skiing,,,,,,,,,3.0,1.0,,,60.0,25.0,,,,,,1.0,,,,,,33.0,,,,1.0,,,,,,,103.0,,,,2.0,39.0,,,,,,,,,,,,,19.0,3.0,,,,,,,,7.0,,,8.0,,34.0,63.0,,,,,22.0,,,,,29.0,,,,,,,,,,,,,,,,,,,,,26.0,1.0,1.0,,47.0,22.0,,,,7.0,,,,,2.0,,,,,,,,,,,,,,,,,,,,,,,,,,,,,,,1.0,,,,,29.0,,10.0,,,,1.0,,,,,,2.0,1.0,,2.0,,,,1.0,,72.0,,,,,,,,,,9.0,,,,,,,,,61.0,,2.0,47.0,,,,,,,,,,,,,,,,,,,31.0,,,,105.0,4.0,,,,,,,,,,,,
Golf,,,,,,,,,2.0,,,,4.0,2.0,,,1.0,,,3.0,,,,,,,,,,3.0,,,,,,,7.0,,,,1.0,4.0,,,,,1.0,,,,,,,,1.0,4.0,,,,,,,,4.0,,,,,4.0,11.0,,,,,11.0,,,,,4.0,,1.0,,,,,,,1.0,,,,3.0,,,4.0,,,1.0,,4.0,,,,4.0,,,,,6.0,,,,,,,,,,,,,,,,1.0,4.0,,,,3.0,,,,,,,,,,,,,,,1.0,,,,,3.0,,3.0,,,,2.0,,1.0,,,,,2.0,,,,,,,4.0,1.0,,,,,,,,,,,,,,,,,,,2.0,,,4.0,,,,,,4.0,,,,,4.0,,,,,,,,,,,,116.0,,,1.0,,,,,,,,,,
Gymnastics,,,,24.0,,,,,133.0,20.0,,,513.0,365.0,18.0,,3.0,7.0,,200.0,,,,,,236.0,7.0,5.0,,201.0,,,974.0,,,,705.0,,,,12.0,641.0,,,,,37.0,,,,25.0,,386.0,6.0,50.0,295.0,,,2.0,21.0,169.0,,,633.0,,,84.0,,714.0,1576.0,394.0,,,,1127.0,,420.0,24.0,,994.0,,139.0,,18.0,,,,,9.0,,1242.0,,88.0,,12.0,18.0,,25.0,90.0,,1363.0,,4.0,,1216.0,45.0,,,,512.0,,,,,28.0,,,,,,7.0,23.0,433.0,,,49.0,9.0,,,,244.0,49.0,,,,,,8.0,,,,,5.0,,,349.0,,,,,346.0,,51.0,,,4.0,,4.0,20.0,,,,641.0,146.0,261.0,45.0,,,,1172.0,51.0,408.0,,48.0,,,,,4.0,,,24.0,7.0,,,,,,,,863.0,,28.0,489.0,,,,1057.0,,,,,,,92.0,4.0,8.0,11.0,,,48.0,,336.0,,797.0,,2013.0,35.0,,23.0,14.0,,,,,4.0,,647.0,,
Handball,,,,59.0,,84.0,,,44.0,,,,30.0,66.0,,,,,,,,,,,,,,,,144.0,,,,,,,28.0,,14.0,,,81.0,14.0,,,,,,,,89.0,,27.0,,,159.0,,,,,88.0,,,206.0,,,25.0,,,181.0,58.0,,,,28.0,,71.0,,,158.0,,30.0,,,,,,,,,205.0,,,,,,,102.0,,,,,,,66.0,14.0,,,,228.0,,,26.0,,,,,,,,,,,,,,,,,,,,,,,,29.0,,,,,,,,,14.0,,,16.0,,116.0,,,,,,,,,,,,72.0,,,,15.0,,,145.0,,100.0,,,,15.0,,,,,,47.0,,,,15.0,,,,,59.0,,,166.0,,,,88.0,,,,,,,,,72.0,,,,,,15.0,,99.0,,142.0,,,,,,,,,,,115.0,,
Hockey,39.0,,,,,,,,286.0,,,,381.0,55.0,,,,,,228.0,,,,,,,,,,16.0,,,,,,,155.0,,,,,97.0,,,,,,,,,,,16.0,,,69.0,,,,,32.0,,,366.0,,,15.0,,11.0,135.0,115.0,,,,422.0,,14.0,,,330.0,,,,,,,,,17.0,,15.0,,345.0,,,16.0,,,,,33.0,,,,125.0,,110.0,,,225.0,,,,,,,,,,,,,,,17.0,,126.0,,,,34.0,,,,,,,,,,,,,,,418.0,,,,,,,291.0,,245.0,,,,,,,,92.0,,,,,,,,129.0,,,,,,,,17.0,,,,,,,,,,,,72.0,,,,,,16.0,16.0,,,,,,,,,,,,,,17.0,,,47.0,,182.0,,,,,,,,,,,,,30.0
Ice Hockey,,,,,,,,,,,,,17.0,241.0,,,,,,40.0,,,,,,69.0,,,,,,,18.0,,,,469.0,,,,,58.0,,,,,,,,,,,,,134.0,,,,,,,,,,,,22.0,,420.0,169.0,119.0,,,,48.0,,18.0,,,297.0,,,,,,,,,,,40.0,,,,,,,,,,191.0,,,,180.0,64.0,,,,,,,,,101.0,,,,,,,,,,,,,,,,,,,,,,,,,,,,,,,20.0,,,,,223.0,,,,,,,,,,,,219.0,,,,,,,73.0,,215.0,,,,,,,,,,22.0,,,,,,,,,341.0,,155.0,486.0,,,,266.0,,,,,,,,,,,,,,,22.0,,168.0,,498.0,,,,,,,,,,,93.0,,
Jeu De Paume,,,,,,,,,,,,,,,,,,,,,,,,,,,,,,,,,,,,,,,,,,,,,,,,,,,,,,,,,,,,,,,,,,,,,,,,,,,9.0,,,,,,,,,,,,,,,,,,,,,,,,,,,,,,,,,,,,,,,,,,,,,,,,,,,,,,,,,,,,,,,,,,,,,,,,,,,,,,,,,,,,,,,,,,,,,,,,,,,,,,,,,,,,,,,,,,,,,,,,,,,,,,,,,,,,,,,,,,,,,,2.0,,,,,,,,,,,,,
Judo,3.0,3.0,2.0,52.0,6.0,14.0,,,65.0,8.0,5.0,3.0,87.0,53.0,29.0,,,5.0,2.0,55.0,3.0,,,7.0,2.0,24.0,,6.0,1.0,120.0,,,27.0,6.0,4.0,1.0,81.0,,7.0,3.0,6.0,82.0,11.0,22.0,9.0,,12.0,,1.0,16.0,3.0,,94.0,12.0,16.0,2.0,3.0,,27.0,17.0,38.0,,10.0,75.0,9.0,,13.0,17.0,27.0,135.0,26.0,,10.0,1.0,111.0,1.0,21.0,41.0,1.0,88.0,2.0,24.0,,5.0,11.0,7.0,1.0,14.0,17.0,7.0,76.0,9.0,15.0,5.0,18.0,16.0,2.0,15.0,32.0,,76.0,,,1.0,129.0,49.0,8.0,14.0,,119.0,2.0,3.0,24.0,1.0,10.0,7.0,,,,18.0,16.0,8.0,4.0,13.0,,29.0,1.0,,11.0,,30.0,86.0,,1.0,14.0,8.0,3.0,8.0,3.0,6.0,,3.0,,,5.0,84.0,4.0,,11.0,3.0,4.0,2.0,19.0,,1.0,4.0,5.0,5.0,15.0,2.0,1.0,2.0,75.0,53.0,35.0,36.0,1.0,,2.0,45.0,8.0,71.0,1.0,,3.0,4.0,47.0,4.0,2.0,,,25.0,9.0,1.0,,2.0,1.0,,,3.0,34.0,5.0,7.0,28.0,,9.0,1.0,17.0,1.0,10.0,10.0,10.0,,3.0,43.0,1.0,38.0,33.0,,5.0,,,44.0,,31.0,6.0,105.0,42.0,2.0,40.0,3.0,,3.0,,2.0,8.0,,24.0,12.0,7.0
Lacrosse,,,,,,,,,,,,,,,,,,,,,,,,,,,,,,,,,,,,,36.0,,,,,,,,,,,,,,,,,,,,,,,,,,,,,,,,,,,,,,12.0,,,,,,,,,,,,,,,,,,,,,,,,,,,,,,,,,,,,,,,,,,,,,,,,,,,,,,,,,,,,,,,,,,,,,,,,,,,,,,,,,,,,,,,,,,,,,,,,,,,,,,,,,,,,,,,,,,,,,,,,,,,,,,,,,,,,,,,,,,,,,,12.0,,,,,,,,,,,,,
Luge,,1.0,,,,,,,7.0,,,,5.0,136.0,,,,,,,,4.0,,3.0,,,,,,2.0,,,12.0,,,,91.0,,,,,,,,,,,,,,,,,,18.0,,,,,,,,,6.0,3.0,,10.0,,,20.0,56.0,,,,45.0,,62.0,2.0,,85.0,,3.0,,,,,,,,,,,4.0,1.0,,,,,,8.0,139.0,,,,60.0,1.0,,,,16.0,,,,,64.0,,,,,,19.0,,,,,,,,4.0,,,,,,,,,,,,,,,,,,,,,,29.0,,2.0,,,,,,1.0,,,,63.0,,,3.0,,,,41.0,,61.0,,,,,,,,,,2.0,,,,,,,,,23.0,,29.0,40.0,,,,46.0,1.0,,,,,,16.0,,,,,,,,35.0,,47.0,,142.0,,,6.0,,,,,,,,5.0,,
Military Ski Patrol,,,,,,,,,,,,,,,,,,,,,,,,,,,,,,,,,,,,,,,,,,,,,,,,,,,,,,,,,,,,,,,,,,,,,4.0,4.0,,,,,,,,,,,,,,,,,,,,,,,,,,,,,,,4.0,,,,,,,,,,,,,,,,,,,,,,,,,,,,,,,,,,,,,,,,,,,,,,,,,,,,,,,,,,,,,,4.0,,,,,,,,,,,,,,,,,,,,,,,,,,,,4.0,,,,,,,4.0,,,,,,,,,,,,,,,,,,,,,,,,,,,,,,,,
Modern Pentathlon,,,,,,,,,18.0,,,,53.0,37.0,,,,,,15.0,,,,,,14.0,,,,31.0,12.0,,28.0,,,,29.0,,,,23.0,19.0,,,,,,,,,,,3.0,,12.0,25.0,,,,,30.0,,,30.0,3.0,,6.0,,68.0,93.0,30.0,,,,106.0,,6.0,1.0,,51.0,,5.0,,6.0,,,,,,,93.0,,,,,10.0,,,,,90.0,,,,46.0,10.0,,3.0,,31.0,,,,,16.0,,,,,,,20.0,,,,2.0,,,,,75.0,,,,,,,,,,,,,,,18.0,,,,,6.0,,1.0,,,,,2.0,,,,,58.0,18.0,,,,,,21.0,11.0,26.0,,,,,,,,,,,,,,,,,,,43.0,,,102.0,,,,33.0,,,,,,,3.0,,6.0,1.0,,,,,15.0,,54.0,11.0,98.0,,,,,,,,,,,,,
Motorboating,,,,,,,,,,,,,,,,,,,,,,,,,,,,,,,,,,,,,,,,,,,,,,,,,,,,,,,,,,,,,,,,,,,,,,1.0,,,,,16.0,,,,,,,,,,,,,,,,,,,,,,,,,,,,,,,,,,,,,,,,,,,,,,,,,,,,,,,,,,,,,,,,,,,,,,,,,,,,,,,,,,,,,,,,,,,,,,,,,,,,,,,,,,,,,,,,,,,,,,,,,,,,,,,,,,,,,,,,,,,,,,,,,,,,,,,,,,,
Nordic Combined,,,,,,,,,,,,,1.0,107.0,,,,,,,,,,,,5.0,,,,,,,1.0,,,,22.0,,,,,,,,,,,,,,,,,,62.0,,,,,,,,,,34.0,,7.0,,117.0,89.0,25.0,,,,1.0,,24.0,,,92.0,,,,,,,,,,,6.0,,,,,,,,,,65.0,,,,107.0,,,,,,,,,,1.0,,,,,,,,,,,,,,,,,,,,,,,,,,,,,,,,,,,,129.0,,,,,,,,,,,,43.0,,,,,,,1.0,,44.0,,,,,,,,,,15.0,,,,,,,,,92.0,,5.0,18.0,,,,52.0,,,,,,,,,,,,,,,9.0,,35.0,,128.0,,,,,,,,,,,7.0,,
Polo,,,,,,,,,9.0,,,,,,,,,,,4.0,,,,,,,,,,,,,,,,,,,,,,,,,,,,,,,,,,,,,,,,,,,,11.0,,,,,,13.0,,,,,30.0,,,,,4.0,,,,,,,,,,,5.0,,,,,,,,,,,,,,,,,,,,,,,,,,,,,,,,,,,,,,,,7.0,,,,,,,,,,,,,,,,,,,,,,,,,,,,,,,,,,,,,,,,,,,,,,,,,,,,,,,,,,,,,,,,,,,,,,,,,,,,,,,,,,,,,,12.0,,,,,,,,,,,,,
Racquets,,,,,,,,,,,,,,,,,,,,,,,,,,,,,,,,,,,,,,,,,,,,,,,,,,,,,,,,,,,,,,,,,,,,,,,,,,,12.0,,,,,,,,,,,,,,,,,,,,,,,,,,,,,,,,,,,,,,,,,,,,,,,,,,,,,,,,,,,,,,,,,,,,,,,,,,,,,,,,,,,,,,,,,,,,,,,,,,,,,,,,,,,,,,,,,,,,,,,,,,,,,,,,,,,,,,,,,,,,,,,,,,,,,,,,,,,
Rhythmic Gymnastics,,,,,,,,,,,,,7.0,6.0,11.0,,,,,4.0,,,,,,47.0,,,,26.0,,,48.0,,,,15.0,,,,,35.0,,,,,,,3.0,,,,,3.0,3.0,1.0,,,,,2.0,,,49.0,1.0,,2.0,,4.0,20.0,4.0,,,,13.0,,,3.0,,31.0,,40.0,,,,,,,,,7.0,,,2.0,,,,,25.0,,47.0,,,,33.0,4.0,,,,7.0,,,,,,,,,,,,1.0,,,,,,,,,,,,,,,,,,,,,,,,,,,,,1.0,,2.0,,,,,,,,,,15.0,3.0,2.0,,,,,7.0,2.0,47.0,,,,,,,,,,,,,,,,,,,2.0,,,1.0,,,,4.0,,,,,,,,,,,,,,,34.0,,2.0,,21.0,7.0,,,,,,,,,,4.0,,
Roque,,,,,,,,,,,,,,,,,,,,,,,,,,,,,,,,,,,,,,,,,,,,,,,,,,,,,,,,,,,,,,,,,,,,,,,,,,,,,,,,,,,,,,,,,,,,,,,,,,,,,,,,,,,,,,,,,,,,,,,,,,,,,,,,,,,,,,,,,,,,,,,,,,,,,,,,,,,,,,,,,,,,,,,,,,,,,,,,,,,,,,,,,,,,,,,,,,,,,,,,,,,,,,,,,,,,,,,,,4.0,,,,,,,,,,,,,
Rowing,,,,10.0,,2.0,,10.0,184.0,,,,509.0,132.0,4.0,1.0,,,,180.0,,2.0,,,,66.0,1.0,,,137.0,,,176.0,,,,559.0,,,,31.0,170.0,,2.0,,,1.0,,,,46.0,,131.0,,59.0,282.0,,,,1.0,50.0,,3.0,135.0,36.0,,47.0,,93.0,531.0,178.0,,,,708.0,,205.0,,,526.0,,194.0,,3.0,,,,,21.0,1.0,194.0,3.0,10.0,2.0,5.0,66.0,3.0,,,,532.0,,,,180.0,8.0,2.0,,,64.0,,,1.0,,8.0,1.0,,,,1.0,,30.0,,,,,,,,,69.0,,,,,,,7.0,,,,2.0,,,,470.0,,,1.0,1.0,171.0,,254.0,,3.0,,5.0,12.0,2.0,,,,313.0,41.0,6.0,2.0,,,,358.0,67.0,86.0,,7.0,,12.0,,,1.0,,,42.0,,,,13.0,,,,,253.0,,5.0,149.0,,,,246.0,,5.0,,,,1.0,5.0,1.0,8.0,3.0,,,9.0,,81.0,,321.0,44.0,828.0,6.0,1.0,2.0,6.0,,,,,,,132.0,,7.0
Rugby,,,,,,,,15.0,,,,,,,,,,,,,,,,,,,,,,,,,,,,,,,,,,,,,,,,,,,,,,,,,,,,,,,,,,,,,,49.0,,,,,30.0,,,,,15.0,,,,,,,,1.0,,,,,,,,,,,,,,,,,,,,,,,,,,,,,,,,,,,,,,,,,,,,,,,,,,,,,,,,,,,,,,,,,,,,,,,,,,,,,,,,,,16.0,,,,,,,,,,,,,,,,,,,,,,,,,,,,,,,,,,,,,,,,,,,,,,,36.0,,,,,,,,,,,,,
Rugby Sevens,,,,,,,,,13.0,,,,25.0,,,,,,,,,,,,,,,,,25.0,,,,,,,12.0,,,,,,,,,,12.0,,,,,,,,,,,,,,,,,25.0,,,,26.0,,25.0,,,,,24.0,,,,,,,,,,,,,,,,,,,,,,,,,,,,,,25.0,,24.0,,,,,,,,,,,,,,,,,,,,,,,,,,,,,,,,,,,,,,,,,,,,,,25.0,,,,,,,,,,,,,,,,,,13.0,,,,,,,,,,,,,,,,,,,,,,,,,,,,,,,,,,,,,,,,,,,,,,25.0,,,,,,,,,,,,,
Sailing,,6.0,,3.0,5.0,6.0,9.0,,178.0,,4.0,2.0,210.0,127.0,,54.0,,15.0,,93.0,,61.0,,,,19.0,,,1.0,181.0,5.0,,11.0,,,3.0,212.0,16.0,,,27.0,60.0,,,,5.0,6.0,,,,44.0,,19.0,25.0,19.0,207.0,4.0,,2.0,1.0,3.0,,4.0,198.0,31.0,,14.0,22.0,177.0,483.0,64.0,,,,335.0,,47.0,2.0,,181.0,,141.0,,9.0,,8.0,,,39.0,,77.0,14.0,12.0,1.0,,86.0,,6.0,55.0,48.0,262.0,10.0,17.0,,116.0,,4.0,1.0,,40.0,,,,,9.0,,,3.0,,3.0,,10.0,1.0,,,2.0,7.0,,,,64.0,,,,,10.0,2.0,13.0,,1.0,,6.0,,,,210.0,,,,,266.0,,154.0,1.0,10.0,,2.0,6.0,20.0,,,2.0,96.0,128.0,,42.0,2.0,2.0,,7.0,46.0,81.0,,,,,1.0,11.0,39.0,,,33.0,3.0,,,,4.0,,,,160.0,,7.0,326.0,,,,12.0,,32.0,,,,,13.0,7.0,7.0,44.0,,1.0,,,46.0,,110.0,32.0,296.0,,,21.0,,,,2.0,,,,18.0,,8.0
Shooting,,7.0,16.0,2.0,12.0,3.0,,3.0,120.0,9.0,,,244.0,182.0,14.0,,8.0,8.0,,217.0,,,2.0,19.0,6.0,87.0,5.0,20.0,,122.0,9.0,2.0,141.0,,,,223.0,,,,53.0,236.0,,,,,63.0,,,25.0,47.0,1.0,94.0,23.0,95.0,286.0,,,9.0,16.0,84.0,,24.0,218.0,12.0,,28.0,4.0,347.0,594.0,81.0,,,,471.0,,71.0,19.0,,250.0,,388.0,,51.0,,,,9.0,35.0,1.0,298.0,9.0,105.0,19.0,33.0,25.0,3.0,4.0,64.0,23.0,339.0,,2.0,16.0,191.0,54.0,32.0,18.0,,206.0,1.0,14.0,24.0,6.0,14.0,,,,,26.0,16.0,6.0,22.0,,5.0,9.0,22.0,,6.0,,112.0,63.0,,7.0,,18.0,4.0,51.0,,,,6.0,8.0,,8.0,175.0,7.0,,,,410.0,,42.0,21.0,22.0,4.0,10.0,88.0,72.0,,,3.0,179.0,124.0,62.0,61.0,18.0,1.0,,135.0,102.0,250.0,,3.0,,32.0,2.0,,16.0,,,25.0,55.0,,,45.0,22.0,,,6.0,296.0,,46.0,574.0,2.0,12.0,,193.0,,118.0,4.0,5.0,,,57.0,8.0,5.0,38.0,,16.0,3.0,,98.0,,139.0,7.0,645.0,20.0,,57.0,23.0,,5.0,2.0,,,,57.0,,21.0
Short Track Speed Skating,,,,,,,,,,,,,54.0,5.0,,,,,,31.0,,,,,,7.0,,,,,,,31.0,,,,153.0,,,,,140.0,,,,,,,,,,,,,12.0,,,,,,,,,,,,8.0,,,74.0,,,,,70.0,,,,,63.0,,,,,,,,,12.0,,56.0,,,,,,,,6.0,,137.0,,,,122.0,15.0,,,,141.0,,,,,6.0,,,,,,,3.0,,,,,,,,,,6.0,,,,,,,,,,,,,,78.0,,,,,8.0,,22.0,,,,,,,,,,15.0,,20.0,,,,,7.0,2.0,69.0,,,,,,,,,,,,,,,,,,,,,7.0,7.0,,,,,,,,,,,2.0,,,,,,,,10.0,,,,135.0,,,,,,,,,,,,,
Skeleton,,,,,,,,,1.0,,,,8.0,11.0,,,,,,,,1.0,,,,,,,,,,,,,,,20.0,,,,,,,,,,,,,,1.0,,,,1.0,,,,,,,,,2.0,,,,,,5.0,,,,,18.0,,,,,19.0,,3.0,,,,,,,,,,,,,,4.0,,,,,10.0,,,,10.0,,,,,5.0,,,,,7.0,,,,,1.0,,,,,,,,,,,1.0,,,,,,,,,,,,,,,,,,,,3.0,,8.0,,,,,,,,,,1.0,,,,,,,3.0,1.0,14.0,,,,,,,,,,1.0,,,,,,,,,15.0,,,,,,,,,,,,,,,,,,,,,,,,,,25.0,,,,,,,,,,,,,
Ski Jumping,,,,,,,,,,,,,,167.0,,,,,,,,,,,,12.0,,,,,,,23.0,,,,115.0,,,,,8.0,,,,,,,,,,,,,72.0,,,,,,,,,7.0,12.0,,12.0,,168.0,96.0,39.0,,,,4.0,,43.0,6.0,,116.0,,2.0,,,,,,,,,11.0,,,,,,,3.0,,,96.0,,,,166.0,50.0,,2.0,,54.0,,,,,,,,,,,,,,,,,,,,,,,,,,,,,,,,,,,,,,,,,180.0,,,,,,,,,,,,133.0,,,,,,,6.0,,69.0,,,,,,,,,,88.0,,,,,,,,,134.0,,10.0,92.0,,,,86.0,,,,,,,,,,,,,,,18.0,,54.0,,175.0,,,,,,,,,,,72.0,,
Snowboarding,,,,,2.0,,,,1.0,,,,33.0,72.0,,,,,,1.0,,,,,,,,,,3.0,,,8.0,,,,88.0,,,,,13.0,,,,,,,,,1.0,,,,15.0,2.0,,,,,,,,16.0,,,,,35.0,73.0,,,,,16.0,,,,,54.0,,3.0,,,,,,,,,,,,,,2.0,,,,,64.0,,,,49.0,2.0,,,,7.0,,,,,,,,,,,,,,,,,,,,,,,,,,,,,,,,,,,,14.0,,,,,36.0,,15.0,,,,,,,,,,25.0,,,,,,,,,38.0,,,,,,,,,,26.0,,,,2.0,,,,,88.0,,4.0,37.0,,,,,,,,,,,,,,,,,,,6.0,,,,85.0,,,,,,,,,,,,,
Softball,,,,,,,,,,,,,60.0,,,,,,,,,,,,,,,,,,,,,,,,60.0,,,,,60.0,,,,,,,,,,,15.0,,,,,,,,,,,,,,,,,,,,,,,,,,,,,14.0,,,,,,,,,,,,,,,,,,,30.0,,,,59.0,,,,,,,,,,,,,,,,,,,,,,,,,,,,,,,,,,,,,,,,,30.0,,,,,,,15.0,,,,,,,,,,,,,15.0,,,,,,,,,,,,,,,,,,,,,,,,,,,,,,,,,,,,,,,45.0,,,,,,,,,,,,60.0,,,15.0,,,,,,,,,,
Speed Skating,,,,,,,,,,,,,63.0,163.0,,,,,,50.0,,,,,,24.0,,,,,,,,,,,433.0,,,,,176.0,,,,,,,,,,,,,14.0,9.0,,,,,,,,,10.0,,36.0,,244.0,109.0,78.0,,,,114.0,,100.0,,,289.0,,,,,,,,,,,68.0,,,,,,,,,,181.0,2.0,,,474.0,68.0,,,,271.0,,,,,27.0,,,,,,,4.0,,,,,,,,,,25.0,,,,,,,,,,,,,,503.0,,,,,410.0,,5.0,,,,,,,,,,149.0,1.0,75.0,,,,,52.0,,202.0,,,,,,,,,,,,,,,,,,,34.0,,,281.0,,,,34.0,,,,,,,2.0,,,,,,,,17.0,,222.0,,570.0,,,,,,,,,,,24.0,,
Swimming,,11.0,11.0,38.0,10.0,43.0,6.0,33.0,254.0,8.0,9.0,4.0,1235.0,209.0,11.0,43.0,13.0,36.0,7.0,279.0,7.0,51.0,,15.0,,91.0,,23.0,4.0,507.0,12.0,1.0,124.0,7.0,3.0,23.0,995.0,16.0,12.0,,28.0,506.0,8.0,5.0,1.0,5.0,123.0,4.0,,60.0,106.0,,53.0,31.0,102.0,349.0,2.0,3.0,6.0,46.0,101.0,,83.0,438.0,47.0,4.0,67.0,60.0,237.0,887.0,356.0,10.0,1.0,1.0,1291.0,,334.0,7.0,2.0,711.0,2.0,242.0,6.0,85.0,8.0,44.0,6.0,3.0,205.0,65.0,719.0,42.0,36.0,10.0,6.0,112.0,4.0,131.0,131.0,81.0,722.0,1.0,39.0,12.0,858.0,68.0,13.0,77.0,,225.0,2.0,9.0,35.0,8.0,29.0,14.0,,6.0,1.0,43.0,4.0,78.0,53.0,21.0,5.0,9.0,93.0,7.0,39.0,15.0,393.0,9.0,6.0,30.0,10.0,15.0,3.0,12.0,29.0,25.0,,7.0,9.0,,21.0,693.0,12.0,,12.0,8.0,103.0,,306.0,3.0,25.0,33.0,20.0,79.0,197.0,8.0,7.0,12.0,260.0,160.0,,185.0,7.0,,4.0,202.0,291.0,381.0,10.0,1.0,2.0,28.0,24.0,24.0,143.0,,3.0,100.0,26.0,,,32.0,25.0,,,6.0,251.0,29.0,40.0,745.0,16.0,13.0,6.0,110.0,3.0,82.0,7.0,8.0,,3.0,159.0,33.0,30.0,100.0,,61.0,,10.0,203.0,,471.0,69.0,1638.0,56.0,,161.0,37.0,6.0,9.0,,,3.0,,104.0,14.0,67.0
Synchronized Swimming,,4.0,,,,,,,4.0,,4.0,,57.0,14.0,,,,1.0,,5.0,,,,,,8.0,,,,33.0,,,2.0,,,,67.0,,,,,72.0,,,,,2.0,,,,,,2.0,,10.0,,,,4.0,,40.0,,,49.0,,,5.0,,1.0,41.0,10.0,,,,30.0,,,,,4.0,,20.0,,,,,,,,,4.0,,,5.0,,,,,8.0,,52.0,,,,78.0,10.0,,,,11.0,,,,,,,,,,,,,,,,,,,,,34.0,,,,,,,,,,,,,,,14.0,,,,,,,6.0,,,,,,,,,,,,6.0,2.0,,,,,4.0,63.0,,,,,,,,,,,,,,,,,,,25.0,,6.0,1.0,,,,1.0,,,,,,,,,,,,,,,18.0,,5.0,,62.0,,,5.0,,,,,,,,,,
Table Tennis,,,,10.0,,,,,14.0,,,,72.0,55.0,,,,,,14.0,,,,2.0,,28.0,,,,56.0,,,3.0,,,,45.0,,8.0,,31.0,100.0,,2.0,4.0,,3.0,,,,36.0,,18.0,,22.0,10.0,1.0,,15.0,1.0,35.0,,,25.0,1.0,,11.0,1.0,1.0,44.0,10.0,,,,34.0,,,,,74.0,8.0,21.0,,,,,,,78.0,1.0,36.0,11.0,26.0,7.0,9.0,,1.0,,1.0,,19.0,,6.0,5.0,98.0,2.0,,,,101.0,,2.0,3.0,,1.0,1.0,,,,3.0,,5.0,6.0,,,1.0,4.0,,,,5.0,,,,,,,,,5.0,,,,,,42.0,,,72.0,,,,17.0,,1.0,,3.0,11.0,1.0,,,,42.0,16.0,52.0,2.0,4.0,,,39.0,2.0,39.0,,,,13.0,1.0,,40.0,,,4.0,,,,4.0,,,,1.0,1.0,,5.0,61.0,,1.0,,12.0,,7.0,,2.0,,1.0,59.0,2.0,17.0,6.0,,,,7.0,10.0,,8.0,,69.0,2.0,4.0,12.0,2.0,,,,,,,9.0,,
Taekwondo,4.0,,,1.0,,,,,7.0,1.0,1.0,,22.0,3.0,9.0,,,,,4.0,2.0,,,1.0,1.0,,,,,13.0,,,,,4.0,2.0,10.0,,,,3.0,16.0,8.0,,1.0,,9.0,,1.0,3.0,10.0,,13.0,,,4.0,,,6.0,1.0,15.0,,,17.0,,,,,5.0,14.0,,,3.0,,17.0,,,,,11.0,,11.0,1.0,5.0,1.0,,,2.0,,2.0,1.0,3.0,,,14.0,,1.0,,3.0,,11.0,,1.0,8.0,7.0,9.0,2.0,2.0,,21.0,,1.0,1.0,,,3.0,,,3.0,1.0,,,,,,15.0,4.0,,1.0,,17.0,1.0,1.0,,3.0,,,1.0,,,,,,,1.0,7.0,3.0,,7.0,1.0,4.0,,8.0,,,2.0,,3.0,10.0,,,4.0,4.0,2.0,,4.0,1.0,,,,1.0,11.0,,,2.0,,3.0,,,,,4.0,,,,5.0,,,,,1.0,,,8.0,1.0,,,,1.0,13.0,2.0,,,,18.0,2.0,8.0,12.0,,1.0,,,3.0,,,,18.0,11.0,,10.0,9.0,,,,,2.0,,,,
Tennis,,,,2.0,,,,1.0,89.0,3.0,,,93.0,39.0,,13.0,,1.0,,80.0,1.0,1.0,,3.0,,30.0,28.0,1.0,,43.0,,,16.0,,,,57.0,,,,21.0,51.0,3.0,,,,15.0,,,1.0,37.0,,,2.0,72.0,54.0,,,2.0,6.0,,,1.0,124.0,7.0,,7.0,,11.0,174.0,9.0,,,,191.0,,,4.0,,84.0,,68.0,,,,,,3.0,,,60.0,18.0,50.0,1.0,,19.0,,,20.0,,107.0,,,,65.0,8.0,,,,29.0,,,,,6.0,,,,,,2.0,1.0,9.0,8.0,,6.0,,,1.0,,30.0,,,,,,1.0,,,,,,,,,53.0,,,6.0,,34.0,,9.0,,,,9.0,3.0,,,,,38.0,12.0,,5.0,,,,46.0,51.0,77.0,,,,3.0,,,,,,20.0,2.0,,,24.0,,,,,56.0,,46.0,129.0,,,,35.0,,13.0,,,,1.0,17.0,,6.0,1.0,,,,,23.0,,10.0,2.0,200.0,6.0,,11.0,,,,,,,,6.0,,19.0
Trampolining,,,,1.0,,,,,,,,,6.0,,,,,,,,,,,,,12.0,,,,1.0,,,,,,,13.0,,,,,14.0,,,,,,,,,,,,,3.0,3.0,,,,,,,,,,,,,,6.0,,,,,9.0,,,5.0,,9.0,,1.0,,,,,,,,,,,,,,,,,,,3.0,,,,12.0,1.0,,,,,,,,,,,,,,,,,,,,,,,,,,,,,,,,,,,,,,,,4.0,,,,,,,1.0,,,,,,,,,,,7.0,,,,,,,,16.0,,,,,,,,,,,,,,,,,,,2.0,,1.0,,,,,,,,,,,,,,,,,,,,9.0,,,,8.0,5.0,,,,,,,,,,,,
Triathlon,,1.0,,,,,,,6.0,,,,29.0,13.0,1.0,,,1.0,,12.0,,5.0,,,,,,,,20.0,,,,,,,25.0,,,,5.0,11.0,,,,,3.0,,,3.0,,,,,17.0,7.0,,,,2.0,,,,26.0,3.0,,,,,26.0,,,,,29.0,,,,,23.0,,3.0,,,,,,,3.0,,12.0,,,,,5.0,,,1.0,,17.0,,1.0,1.0,25.0,6.0,,,,1.0,,,,,,,,,,,,,4.0,,,,,,,,11.0,,,,,,,1.0,,2.0,,,,,,13.0,,,,,1.0,,24.0,,,,,,,,,,7.0,9.0,,1.0,,,,,13.0,20.0,,,,,,,,,,2.0,,,,,,,,,25.0,,3.0,4.0,,1.0,,,,,,,,,,,,,,,,,11.0,,,,29.0,,,2.0,,,,,,,,,,3.0
Tug-Of-War,,,,,,,,,,,,,,8.0,,,,,,8.0,,,,,,,,,,,,,,,,,,,,,,,,,,,1.0,,,,,,,,,3.0,,,,,,,,,,,,,,5.0,,,,,40.0,,,,,9.0,,13.0,,,,,,,,,,,,,,,,,,,8.0,,,,,,,,,,,,,,,,,,,,,,,,,,,,,,,,,,,,,,,,,,,,,8.0,,,,,,,,,,,,,,,,,,,,,,,,,5.0,,,,,,,,,,,,,,,,,,,,,,,27.0,,,,,,,,,,,,,,,,,,,,,,,35.0,,,,,,,,,,,,,
Volleyball,,,,31.0,,,,,94.0,,,,48.0,,,,,,,12.0,,,,,,,,,,285.0,,,106.0,,,,84.0,,,,,126.0,,10.0,,,,,,,11.0,,170.0,,,,,,24.0,,60.0,,,36.0,,,20.0,,,46.0,34.0,,,,24.0,,60.0,,,60.0,,24.0,,,,,,,,,47.0,,,,12.0,,,,,,192.0,,,,232.0,12.0,24.0,,,215.0,,,,,,9.0,,,,,,,,,,,,,,,36.0,,,,,,,,,,,,,,,105.0,,,,,,,,,,,,75.0,,,,,140.0,,11.0,12.0,,,,54.0,,142.0,,,,35.0,,,,,,,,,,59.0,,,,,,,,12.0,,,,83.0,,,,,,,,,70.0,12.0,,,,,12.0,,141.0,,263.0,,,22.0,,,,,,,,12.0,,
Water Polo,,,,,,,,,28.0,,,,249.0,28.0,,,,,,100.0,,,,,,,,,,96.0,,,22.0,,,,74.0,,,,8.0,76.0,,,,,,,,,77.0,,57.0,,,,,,,,51.0,,,210.0,,,13.0,,,125.0,58.0,,,,107.0,,11.0,,,123.0,,200.0,,,,,,,,,304.0,,19.0,,11.0,14.0,,8.0,,,279.0,,,,76.0,61.0,,,,13.0,,,,,,,,,,,,,7.0,,,,,,,,40.0,,,,,18.0,39.0,,,,,,,,,195.0,,,,,,,1.0,,,,,,,,,,,9.0,,,,,,93.0,17.0,103.0,,,,38.0,,,10.0,,,,,,,39.0,,,,,36.0,,13.0,71.0,,,,43.0,,,,,,,,,,,,,10.0,,13.0,,99.0,15.0,317.0,,,,,,,,,,,122.0,,
Weightlifting,,11.0,17.0,19.0,,,,,36.0,36.0,3.0,7.0,78.0,82.0,21.0,,,2.0,,46.0,,,,1.0,1.0,48.0,,3.0,,25.0,,,93.0,,,,59.0,,,,6.0,93.0,,11.0,,8.0,65.0,1.0,,4.0,3.0,,67.0,1.0,7.0,26.0,,,21.0,16.0,86.0,,8.0,34.0,20.0,,10.0,8.0,65.0,129.0,31.0,4.0,,,128.0,,31.0,16.0,,95.0,2.0,83.0,,13.0,,4.0,8.0,2.0,1.0,3.0,99.0,49.0,40.0,1.0,74.0,3.0,29.0,7.0,12.0,1.0,94.0,,5.0,,111.0,40.0,9.0,7.0,4.0,117.0,,7.0,2.0,,20.0,7.0,,,,13.0,,6.0,14.0,3.0,5.0,11.0,11.0,,21.0,,28.0,13.0,1.0,,,1.0,,2.0,,7.0,,17.0,,,11.0,23.0,7.0,,27.0,,14.0,11.0,24.0,,12.0,17.0,,13.0,23.0,,2.0,10.0,117.0,10.0,51.0,33.0,5.0,,,71.0,15.0,45.0,,,13.0,1.0,,5.0,11.0,,2.0,,2.0,7.0,,,4.0,,,4.0,40.0,,10.0,64.0,3.0,12.0,,66.0,4.0,43.0,1.0,9.0,,,60.0,8.0,12.0,66.0,2.0,2.0,7.0,7.0,49.0,,71.0,4.0,153.0,23.0,,27.0,9.0,,,1.0,,,,4.0,,1.0
Wrestling,42.0,,4.0,19.0,,,,,68.0,47.0,,2.0,101.0,95.0,67.0,2.0,,,,113.0,,,,1.0,,67.0,10.0,1.0,,13.0,1.0,,223.0,,1.0,2.0,174.0,,,,1.0,81.0,2.0,24.0,,,23.0,,,,5.0,,123.0,2.0,11.0,100.0,,,7.0,9.0,107.0,,5.0,40.0,52.0,,20.0,,274.0,196.0,76.0,1.0,,3.0,198.0,8.0,57.0,67.0,,168.0,,143.0,,24.0,2.0,6.0,,1.0,,1.0,279.0,2.0,104.0,9.0,189.0,9.0,23.0,2.0,17.0,4.0,164.0,,,4.0,238.0,77.0,7.0,34.0,,156.0,,,,,18.0,,,,,23.0,,16.0,18.0,1.0,,40.0,2.0,,19.0,,71.0,110.0,,8.0,,4.0,,,,2.0,7.0,,2.0,,1.0,44.0,,,35.0,,88.0,,17.0,,32.0,18.0,,22.0,26.0,,4.0,,178.0,20.0,32.0,26.0,,,,171.0,28.0,120.0,,3.0,3.0,3.0,40.0,,,,,,1.0,,,6.0,1.0,,,,114.0,,13.0,286.0,,38.0,,105.0,,,11.0,2.0,,,7.0,,29.0,266.0,,,4.0,,89.0,,160.0,,383.0,52.0,,35.0,8.0,,,,2.0,1.0,,79.0,2.0,
