lindex,Sport,Year,Age,count
5802,Equestrianism,1900,20.0,1
5803,Equestrianism,1900,22.0,3
5804,Equestrianism,1900,24.0,1
5805,Equestrianism,1900,29.0,2
5806,Equestrianism,1900,30.0,5
5807,Equestrianism,1900,31.0,1
5808,Equestrianism,1900,32.0,4
5809,Equestrianism,1900,34.0,2
5810,Equestrianism,1900,36.0,1
5811,Equestrianism,1900,38.0,1
5812,Equestrianism,1900,39.0,2
5813,Equestrianism,1900,41.0,1
5814,Equestrianism,1900,42.0,2
5815,Equestrianism,1900,43.0,3
5816,Equestrianism,1900,44.0,1
5817,Equestrianism,1900,45.0,2
5818,Equestrianism,1900,48.0,3
5819,Equestrianism,1900,49.0,1
5820,Equestrianism,1900,52.0,2
5821,Equestrianism,1900,54.0,2
5822,Equestrianism,1900,56.0,2
5823,Equestrianism,1900,69.0,1
5824,Equestrianism,1912,19.0,2
5825,Equestrianism,1912,20.0,2
5826,Equestrianism,1912,22.0,1
5827,Equestrianism,1912,23.0,7
5828,Equestrianism,1912,25.0,9
5829,Equestrianism,1912,26.0,8
5830,Equestrianism,1912,27.0,3
5831,Equestrianism,1912,28.0,3
5832,Equestrianism,1912,29.0,3
5833,Equestrianism,1912,30.0,9
5834,Equestrianism,1912,31.0,13
5835,Equestrianism,1912,32.0,12
5836,Equestrianism,1912,34.0,5
5837,Equestrianism,1912,35.0,1
5838,Equestrianism,1912,36.0,9
5839,Equestrianism,1912,37.0,4
5840,Equestrianism,1912,38.0,2
5841,Equestrianism,1912,39.0,3
5842,Equestrianism,1912,40.0,4
5843,Equestrianism,1912,41.0,6
5844,Equestrianism,1912,44.0,1
5845,Equestrianism,1912,45.0,3
5846,Equestrianism,1912,46.0,1
5847,Equestrianism,1912,47.0,4
5848,Equestrianism,1912,49.0,3
5849,Equestrianism,1912,51.0,1
5850,Equestrianism,1920,21.0,1
5851,Equestrianism,1920,23.0,3
5852,Equestrianism,1920,24.0,8
5853,Equestrianism,1920,25.0,4
5854,Equestrianism,1920,26.0,9
5855,Equestrianism,1920,27.0,6
5856,Equestrianism,1920,28.0,10
5857,Equestrianism,1920,29.0,10
5858,Equestrianism,1920,30.0,1
5859,Equestrianism,1920,31.0,10
5860,Equestrianism,1920,32.0,12
5861,Equestrianism,1920,33.0,4
5862,Equestrianism,1920,34.0,6
5863,Equestrianism,1920,35.0,6
5864,Equestrianism,1920,36.0,1
5865,Equestrianism,1920,37.0,2
5866,Equestrianism,1920,38.0,5
5867,Equestrianism,1920,39.0,3
5868,Equestrianism,1920,40.0,4
5869,Equestrianism,1920,41.0,1
5870,Equestrianism,1920,42.0,2
5871,Equestrianism,1920,43.0,3
5872,Equestrianism,1920,44.0,2
5873,Equestrianism,1920,59.0,1
5874,Equestrianism,1924,21.0,2
5875,Equestrianism,1924,22.0,2
5876,Equestrianism,1924,23.0,2
5877,Equestrianism,1924,24.0,5
5878,Equestrianism,1924,25.0,13
5879,Equestrianism,1924,26.0,9
5880,Equestrianism,1924,27.0,8
5881,Equestrianism,1924,28.0,7
5882,Equestrianism,1924,29.0,8
5883,Equestrianism,1924,30.0,22
5884,Equestrianism,1924,31.0,14
5885,Equestrianism,1924,32.0,4
5886,Equestrianism,1924,33.0,14
5887,Equestrianism,1924,34.0,5
5888,Equestrianism,1924,35.0,17
5889,Equestrianism,1924,36.0,10
5890,Equestrianism,1924,37.0,5
5891,Equestrianism,1924,38.0,10
5892,Equestrianism,1924,39.0,4
5893,Equestrianism,1924,40.0,2
5894,Equestrianism,1924,41.0,1
5895,Equestrianism,1924,42.0,2
5896,Equestrianism,1924,44.0,6
5897,Equestrianism,1924,45.0,2
5898,Equestrianism,1924,46.0,1
5899,Equestrianism,1924,47.0,2
5900,Equestrianism,1924,56.0,1
5901,Equestrianism,1924,59.0,1
5902,Equestrianism,1928,24.0,4
5903,Equestrianism,1928,26.0,4
5904,Equestrianism,1928,27.0,5
5905,Equestrianism,1928,28.0,8
5906,Equestrianism,1928,29.0,6
5907,Equestrianism,1928,30.0,19
5908,Equestrianism,1928,31.0,4
5909,Equestrianism,1928,32.0,10
5910,Equestrianism,1928,33.0,6
5911,Equestrianism,1928,34.0,18
5912,Equestrianism,1928,35.0,19
5913,Equestrianism,1928,36.0,7
5914,Equestrianism,1928,37.0,13
5915,Equestrianism,1928,38.0,8
5916,Equestrianism,1928,39.0,18
5917,Equestrianism,1928,40.0,16
5918,Equestrianism,1928,41.0,7
5919,Equestrianism,1928,42.0,8
5920,Equestrianism,1928,43.0,2
5921,Equestrianism,1928,44.0,5
5922,Equestrianism,1928,45.0,6
5923,Equestrianism,1928,46.0,2
5924,Equestrianism,1928,47.0,3
5925,Equestrianism,1928,48.0,4
5926,Equestrianism,1928,49.0,4
5927,Equestrianism,1928,50.0,2
5928,Equestrianism,1928,51.0,2
5929,Equestrianism,1928,56.0,2
5930,Equestrianism,1928,63.0,2
5931,Equestrianism,1932,28.0,10
5932,Equestrianism,1932,30.0,1
5933,Equestrianism,1932,31.0,4
5934,Equestrianism,1932,32.0,1
5935,Equestrianism,1932,34.0,6
5936,Equestrianism,1932,36.0,10
5937,Equestrianism,1932,38.0,8
5938,Equestrianism,1932,40.0,2
5939,Equestrianism,1932,42.0,1
5940,Equestrianism,1932,43.0,2
5941,Equestrianism,1932,44.0,2
5942,Equestrianism,1932,45.0,6
5943,Equestrianism,1932,46.0,2
5944,Equestrianism,1932,49.0,4
5945,Equestrianism,1936,22.0,1
5946,Equestrianism,1936,23.0,2
5947,Equestrianism,1936,24.0,4
5948,Equestrianism,1936,25.0,2
5949,Equestrianism,1936,26.0,6
5950,Equestrianism,1936,27.0,7
5951,Equestrianism,1936,28.0,17
5952,Equestrianism,1936,29.0,12
5953,Equestrianism,1936,30.0,26
5954,Equestrianism,1936,31.0,9
5955,Equestrianism,1936,32.0,9
5956,Equestrianism,1936,33.0,10
5957,Equestrianism,1936,34.0,28
5958,Equestrianism,1936,35.0,19
5959,Equestrianism,1936,36.0,11
5960,Equestrianism,1936,37.0,19
5961,Equestrianism,1936,38.0,7
5962,Equestrianism,1936,39.0,9
5963,Equestrianism,1936,40.0,14
5964,Equestrianism,1936,42.0,2
5965,Equestrianism,1936,43.0,10
5966,Equestrianism,1936,44.0,4
5967,Equestrianism,1936,46.0,4
5968,Equestrianism,1936,47.0,4
5969,Equestrianism,1936,48.0,4
5970,Equestrianism,1936,49.0,2
5971,Equestrianism,1936,50.0,2
5972,Equestrianism,1936,51.0,2
5973,Equestrianism,1936,52.0,2
5974,Equestrianism,1936,53.0,2
5975,Equestrianism,1936,54.0,2
5976,Equestrianism,1936,57.0,2
5977,Equestrianism,1936,72.0,2
5978,Equestrianism,1948,23.0,4
5979,Equestrianism,1948,25.0,4
5980,Equestrianism,1948,26.0,3
5981,Equestrianism,1948,27.0,7
5982,Equestrianism,1948,28.0,10
5983,Equestrianism,1948,29.0,2
5984,Equestrianism,1948,30.0,2
5985,Equestrianism,1948,31.0,6
5986,Equestrianism,1948,32.0,4
5987,Equestrianism,1948,33.0,6
5988,Equestrianism,1948,34.0,12
5989,Equestrianism,1948,35.0,18
5990,Equestrianism,1948,36.0,9
5991,Equestrianism,1948,37.0,16
5992,Equestrianism,1948,38.0,8
5993,Equestrianism,1948,39.0,6
5994,Equestrianism,1948,40.0,5
5995,Equestrianism,1948,41.0,6
5996,Equestrianism,1948,42.0,6
5997,Equestrianism,1948,43.0,2
5998,Equestrianism,1948,44.0,2
5999,Equestrianism,1948,45.0,8
6000,Equestrianism,1948,46.0,10
6001,Equestrianism,1948,47.0,5
6002,Equestrianism,1948,48.0,3
6003,Equestrianism,1948,49.0,4
6004,Equestrianism,1948,50.0,3
6005,Equestrianism,1948,53.0,4
6006,Equestrianism,1948,55.0,2
6007,Equestrianism,1952,18.0,2
6008,Equestrianism,1952,19.0,2
6009,Equestrianism,1952,21.0,4
6010,Equestrianism,1952,22.0,2
6011,Equestrianism,1952,23.0,5
6012,Equestrianism,1952,25.0,13
6013,Equestrianism,1952,26.0,10
6014,Equestrianism,1952,27.0,11
6015,Equestrianism,1952,28.0,7
6016,Equestrianism,1952,29.0,12
6017,Equestrianism,1952,30.0,6
6018,Equestrianism,1952,31.0,17
6019,Equestrianism,1952,32.0,12
6020,Equestrianism,1952,33.0,10
6021,Equestrianism,1952,34.0,11
6022,Equestrianism,1952,35.0,10
6023,Equestrianism,1952,36.0,10
6024,Equestrianism,1952,37.0,5
6025,Equestrianism,1952,38.0,16
6026,Equestrianism,1952,39.0,12
6027,Equestrianism,1952,40.0,10
6028,Equestrianism,1952,41.0,14
6029,Equestrianism,1952,42.0,5
6030,Equestrianism,1952,43.0,8
6031,Equestrianism,1952,44.0,12
6032,Equestrianism,1952,45.0,4
6033,Equestrianism,1952,46.0,2
6034,Equestrianism,1952,48.0,4
6035,Equestrianism,1952,50.0,2
6036,Equestrianism,1952,54.0,1
6037,Equestrianism,1952,57.0,2
6038,Equestrianism,1952,58.0,2
6039,Equestrianism,1952,63.0,1
6040,Equestrianism,1956,19.0,2
6041,Equestrianism,1956,20.0,2
6042,Equestrianism,1956,21.0,2
6043,Equestrianism,1956,22.0,8
6044,Equestrianism,1956,23.0,4
6045,Equestrianism,1956,24.0,6
6046,Equestrianism,1956,25.0,8
6047,Equestrianism,1956,26.0,11
6048,Equestrianism,1956,27.0,10
6049,Equestrianism,1956,28.0,8
6050,Equestrianism,1956,29.0,17
6051,Equestrianism,1956,30.0,16
6052,Equestrianism,1956,31.0,25
6053,Equestrianism,1956,32.0,12
6054,Equestrianism,1956,33.0,10
6055,Equestrianism,1956,34.0,6
6056,Equestrianism,1956,35.0,12
6057,Equestrianism,1956,36.0,16
6058,Equestrianism,1956,37.0,8
6059,Equestrianism,1956,38.0,7
6060,Equestrianism,1956,39.0,6
6061,Equestrianism,1956,40.0,8
6062,Equestrianism,1956,41.0,6
6063,Equestrianism,1956,42.0,8
6064,Equestrianism,1956,43.0,4
6065,Equestrianism,1956,44.0,1
6066,Equestrianism,1956,45.0,6
6067,Equestrianism,1956,46.0,2
6068,Equestrianism,1956,47.0,4
6069,Equestrianism,1956,48.0,2
6070,Equestrianism,1956,49.0,2
6071,Equestrianism,1956,51.0,2
6072,Equestrianism,1956,52.0,4
6073,Equestrianism,1956,53.0,3
6074,Equestrianism,1956,54.0,3
6075,Equestrianism,1956,58.0,3
6076,Equestrianism,1956,61.0,3
6077,Equestrianism,1956,67.0,1
6078,Equestrianism,1960,18.0,1
6079,Equestrianism,1960,20.0,12
6080,Equestrianism,1960,21.0,6
6081,Equestrianism,1960,22.0,9
6082,Equestrianism,1960,23.0,13
6083,Equestrianism,1960,24.0,12
6084,Equestrianism,1960,25.0,2
6085,Equestrianism,1960,26.0,12
6086,Equestrianism,1960,27.0,12
6087,Equestrianism,1960,28.0,17
6088,Equestrianism,1960,29.0,20
6089,Equestrianism,1960,30.0,12
6090,Equestrianism,1960,31.0,12
6091,Equestrianism,1960,32.0,3
6092,Equestrianism,1960,33.0,14
6093,Equestrianism,1960,34.0,8
6094,Equestrianism,1960,35.0,13
6095,Equestrianism,1960,36.0,18
6096,Equestrianism,1960,37.0,10
6097,Equestrianism,1960,38.0,5
6098,Equestrianism,1960,39.0,1
6099,Equestrianism,1960,40.0,16
6100,Equestrianism,1960,41.0,4
6101,Equestrianism,1960,42.0,7
6102,Equestrianism,1960,43.0,3
6103,Equestrianism,1960,44.0,8
6104,Equestrianism,1960,45.0,4
6105,Equestrianism,1960,46.0,2
6106,Equestrianism,1960,47.0,4
6107,Equestrianism,1960,48.0,6
6108,Equestrianism,1960,49.0,2
6109,Equestrianism,1960,50.0,1
6110,Equestrianism,1960,55.0,1
6111,Equestrianism,1960,58.0,2
6112,Equestrianism,1960,62.0,1
6113,Equestrianism,1960,65.0,1
6114,Equestrianism,1964,17.0,1
6115,Equestrianism,1964,19.0,2
6116,Equestrianism,1964,20.0,2
6117,Equestrianism,1964,21.0,12
6118,Equestrianism,1964,22.0,6
6119,Equestrianism,1964,23.0,6
6120,Equestrianism,1964,24.0,14
6121,Equestrianism,1964,25.0,12
6122,Equestrianism,1964,26.0,10
6123,Equestrianism,1964,27.0,12
6124,Equestrianism,1964,28.0,22
6125,Equestrianism,1964,29.0,8
6126,Equestrianism,1964,30.0,7
6127,Equestrianism,1964,31.0,10
6128,Equestrianism,1964,32.0,6
6129,Equestrianism,1964,33.0,12
6130,Equestrianism,1964,34.0,15
6131,Equestrianism,1964,35.0,10
6132,Equestrianism,1964,36.0,5
6133,Equestrianism,1964,37.0,4
6134,Equestrianism,1964,38.0,4
6135,Equestrianism,1964,39.0,4
6136,Equestrianism,1964,40.0,3
6137,Equestrianism,1964,41.0,6
6138,Equestrianism,1964,42.0,2
6139,Equestrianism,1964,43.0,4
6140,Equestrianism,1964,44.0,5
6141,Equestrianism,1964,46.0,2
6142,Equestrianism,1964,47.0,2
6143,Equestrianism,1964,48.0,4
6144,Equestrianism,1964,49.0,2
6145,Equestrianism,1964,50.0,2
6146,Equestrianism,1964,51.0,2
6147,Equestrianism,1964,52.0,4
6148,Equestrianism,1964,53.0,2
6149,Equestrianism,1968,20.0,10
6150,Equestrianism,1968,21.0,8
6151,Equestrianism,1968,22.0,8
6152,Equestrianism,1968,23.0,8
6153,Equestrianism,1968,24.0,8
6154,Equestrianism,1968,25.0,19
6155,Equestrianism,1968,26.0,12
6156,Equestrianism,1968,27.0,6
6157,Equestrianism,1968,28.0,17
6158,Equestrianism,1968,29.0,8
6159,Equestrianism,1968,30.0,8
6160,Equestrianism,1968,31.0,14
6161,Equestrianism,1968,32.0,12
6162,Equestrianism,1968,33.0,7
6163,Equestrianism,1968,34.0,15
6164,Equestrianism,1968,35.0,6
6165,Equestrianism,1968,36.0,8
6166,Equestrianism,1968,37.0,4
6167,Equestrianism,1968,38.0,6
6168,Equestrianism,1968,39.0,1
6169,Equestrianism,1968,40.0,6
6170,Equestrianism,1968,41.0,4
6171,Equestrianism,1968,42.0,2
6172,Equestrianism,1968,43.0,7
6173,Equestrianism,1968,44.0,2
6174,Equestrianism,1968,45.0,6
6175,Equestrianism,1968,46.0,4
6176,Equestrianism,1968,48.0,2
6177,Equestrianism,1968,50.0,2
6178,Equestrianism,1968,52.0,2
6179,Equestrianism,1968,53.0,2
6180,Equestrianism,1968,54.0,4
6181,Equestrianism,1968,56.0,2
6182,Equestrianism,1968,57.0,1
6183,Equestrianism,1968,66.0,2
6184,Equestrianism,1972,19.0,1
6185,Equestrianism,1972,20.0,6
6186,Equestrianism,1972,21.0,11
6187,Equestrianism,1972,22.0,15
6188,Equestrianism,1972,23.0,14
6189,Equestrianism,1972,24.0,6
6190,Equestrianism,1972,25.0,24
6191,Equestrianism,1972,26.0,9
6192,Equestrianism,1972,27.0,22
6193,Equestrianism,1972,28.0,19
6194,Equestrianism,1972,29.0,15
6195,Equestrianism,1972,30.0,22
6196,Equestrianism,1972,31.0,15
6197,Equestrianism,1972,32.0,12
6198,Equestrianism,1972,33.0,14
6199,Equestrianism,1972,34.0,12
6200,Equestrianism,1972,35.0,14
6201,Equestrianism,1972,36.0,11
6202,Equestrianism,1972,37.0,7
6203,Equestrianism,1972,38.0,11
6204,Equestrianism,1972,39.0,6
6205,Equestrianism,1972,40.0,10
6206,Equestrianism,1972,42.0,4
6207,Equestrianism,1972,43.0,6
6208,Equestrianism,1972,44.0,6
6209,Equestrianism,1972,45.0,5
6210,Equestrianism,1972,46.0,5
6211,Equestrianism,1972,47.0,7
6212,Equestrianism,1972,48.0,1
6213,Equestrianism,1972,49.0,5
6214,Equestrianism,1972,50.0,2
6215,Equestrianism,1972,52.0,2
6216,Equestrianism,1972,54.0,1
6217,Equestrianism,1972,57.0,2
6218,Equestrianism,1972,60.0,2
6219,Equestrianism,1972,69.0,2
6220,Equestrianism,1976,18.0,1
6221,Equestrianism,1976,19.0,5
6222,Equestrianism,1976,20.0,4
6223,Equestrianism,1976,21.0,10
6224,Equestrianism,1976,22.0,14
6225,Equestrianism,1976,23.0,9
6226,Equestrianism,1976,24.0,7
6227,Equestrianism,1976,25.0,14
6228,Equestrianism,1976,26.0,12
6229,Equestrianism,1976,27.0,6
6230,Equestrianism,1976,28.0,14
6231,Equestrianism,1976,29.0,16
6232,Equestrianism,1976,30.0,12
6233,Equestrianism,1976,31.0,16
6234,Equestrianism,1976,32.0,6
6235,Equestrianism,1976,33.0,18
6236,Equestrianism,1976,34.0,3
6237,Equestrianism,1976,35.0,4
6238,Equestrianism,1976,36.0,7
6239,Equestrianism,1976,37.0,8
6240,Equestrianism,1976,38.0,3
6241,Equestrianism,1976,39.0,6
6242,Equestrianism,1976,40.0,4
6243,Equestrianism,1976,41.0,2
6244,Equestrianism,1976,42.0,6
6245,Equestrianism,1976,43.0,13
6246,Equestrianism,1976,44.0,6
6247,Equestrianism,1976,45.0,2
6248,Equestrianism,1976,46.0,5
6249,Equestrianism,1976,48.0,2
6250,Equestrianism,1976,49.0,4
6251,Equestrianism,1976,51.0,3
6252,Equestrianism,1976,53.0,2
6253,Equestrianism,1976,61.0,2
6254,Equestrianism,1980,18.0,2
6255,Equestrianism,1980,20.0,2
6256,Equestrianism,1980,21.0,6
6257,Equestrianism,1980,23.0,4
6258,Equestrianism,1980,24.0,6
6259,Equestrianism,1980,25.0,6
6260,Equestrianism,1980,26.0,3
6261,Equestrianism,1980,27.0,8
6262,Equestrianism,1980,28.0,10
6263,Equestrianism,1980,29.0,4
6264,Equestrianism,1980,30.0,6
6265,Equestrianism,1980,31.0,4
6266,Equestrianism,1980,32.0,7
6267,Equestrianism,1980,33.0,6
6268,Equestrianism,1980,34.0,4
6269,Equestrianism,1980,35.0,5
6270,Equestrianism,1980,36.0,8
6271,Equestrianism,1980,37.0,4
6272,Equestrianism,1980,38.0,5
6273,Equestrianism,1980,39.0,8
6274,Equestrianism,1980,40.0,2
6275,Equestrianism,1980,43.0,2
6276,Equestrianism,1980,44.0,2
6277,Equestrianism,1980,49.0,4
6278,Equestrianism,1980,50.0,2
6279,Equestrianism,1980,57.0,2
6280,Equestrianism,1984,18.0,4
6281,Equestrianism,1984,19.0,5
6282,Equestrianism,1984,20.0,6
6283,Equestrianism,1984,21.0,10
6284,Equestrianism,1984,22.0,4
6285,Equestrianism,1984,23.0,7
6286,Equestrianism,1984,24.0,11
6287,Equestrianism,1984,25.0,20
6288,Equestrianism,1984,26.0,14
6289,Equestrianism,1984,27.0,20
6290,Equestrianism,1984,28.0,12
6291,Equestrianism,1984,29.0,17
6292,Equestrianism,1984,30.0,15
6293,Equestrianism,1984,31.0,10
6294,Equestrianism,1984,32.0,14
6295,Equestrianism,1984,33.0,16
6296,Equestrianism,1984,34.0,19
6297,Equestrianism,1984,35.0,4
6298,Equestrianism,1984,36.0,11
6299,Equestrianism,1984,37.0,10
6300,Equestrianism,1984,38.0,6
6301,Equestrianism,1984,39.0,6
6302,Equestrianism,1984,40.0,10
6303,Equestrianism,1984,41.0,6
6304,Equestrianism,1984,42.0,1
6305,Equestrianism,1984,44.0,2
6306,Equestrianism,1984,45.0,2
6307,Equestrianism,1984,46.0,3
6308,Equestrianism,1984,47.0,8
6309,Equestrianism,1984,48.0,2
6310,Equestrianism,1984,50.0,6
6311,Equestrianism,1988,16.0,1
6312,Equestrianism,1988,19.0,2
6313,Equestrianism,1988,20.0,5
6314,Equestrianism,1988,21.0,7
6315,Equestrianism,1988,22.0,2
6316,Equestrianism,1988,23.0,13
6317,Equestrianism,1988,24.0,19
6318,Equestrianism,1988,25.0,18
6319,Equestrianism,1988,26.0,6
6320,Equestrianism,1988,27.0,8
6321,Equestrianism,1988,28.0,13
6322,Equestrianism,1988,29.0,21
6323,Equestrianism,1988,30.0,32
6324,Equestrianism,1988,31.0,13
6325,Equestrianism,1988,32.0,26
6326,Equestrianism,1988,33.0,21
6327,Equestrianism,1988,34.0,11
6328,Equestrianism,1988,35.0,6
6329,Equestrianism,1988,36.0,16
6330,Equestrianism,1988,37.0,5
6331,Equestrianism,1988,38.0,6
6332,Equestrianism,1988,39.0,11
6333,Equestrianism,1988,40.0,5
6334,Equestrianism,1988,41.0,8
6335,Equestrianism,1988,42.0,6
6336,Equestrianism,1988,43.0,6
6337,Equestrianism,1988,44.0,4
6338,Equestrianism,1988,45.0,4
6339,Equestrianism,1988,46.0,2
6340,Equestrianism,1988,47.0,10
6341,Equestrianism,1988,48.0,2
6342,Equestrianism,1988,49.0,2
6343,Equestrianism,1988,50.0,2
6344,Equestrianism,1988,51.0,2
6345,Equestrianism,1988,52.0,3
6346,Equestrianism,1988,53.0,2
6347,Equestrianism,1988,54.0,1
6348,Equestrianism,1988,55.0,2
6349,Equestrianism,1988,63.0,1
6350,Equestrianism,1992,19.0,2
6351,Equestrianism,1992,20.0,6
6352,Equestrianism,1992,21.0,4
6353,Equestrianism,1992,22.0,8
6354,Equestrianism,1992,23.0,12
6355,Equestrianism,1992,24.0,14
6356,Equestrianism,1992,25.0,18
6357,Equestrianism,1992,26.0,7
6358,Equestrianism,1992,27.0,14
6359,Equestrianism,1992,28.0,23
6360,Equestrianism,1992,29.0,25
6361,Equestrianism,1992,30.0,26
6362,Equestrianism,1992,31.0,15
6363,Equestrianism,1992,32.0,16
6364,Equestrianism,1992,33.0,30
6365,Equestrianism,1992,34.0,21
6366,Equestrianism,1992,35.0,18
6367,Equestrianism,1992,36.0,21
6368,Equestrianism,1992,37.0,14
6369,Equestrianism,1992,38.0,10
6370,Equestrianism,1992,39.0,12
6371,Equestrianism,1992,40.0,14
6372,Equestrianism,1992,41.0,16
6373,Equestrianism,1992,42.0,11
6374,Equestrianism,1992,43.0,5
6375,Equestrianism,1992,44.0,2
6376,Equestrianism,1992,45.0,10
6377,Equestrianism,1992,46.0,4
6378,Equestrianism,1992,47.0,4
6379,Equestrianism,1992,48.0,4
6380,Equestrianism,1992,49.0,6
6381,Equestrianism,1992,50.0,2
6382,Equestrianism,1992,52.0,6
6383,Equestrianism,1992,53.0,2
6384,Equestrianism,1992,56.0,2
6385,Equestrianism,1996,19.0,3
6386,Equestrianism,1996,20.0,5
6387,Equestrianism,1996,21.0,5
6388,Equestrianism,1996,22.0,5
6389,Equestrianism,1996,23.0,7
6390,Equestrianism,1996,24.0,8
6391,Equestrianism,1996,25.0,5
6392,Equestrianism,1996,26.0,17
6393,Equestrianism,1996,27.0,15
6394,Equestrianism,1996,28.0,11
6395,Equestrianism,1996,29.0,7
6396,Equestrianism,1996,30.0,16
6397,Equestrianism,1996,31.0,12
6398,Equestrianism,1996,32.0,19
6399,Equestrianism,1996,33.0,20
6400,Equestrianism,1996,34.0,10
6401,Equestrianism,1996,35.0,24
6402,Equestrianism,1996,36.0,14
6403,Equestrianism,1996,37.0,20
6404,Equestrianism,1996,38.0,17
6405,Equestrianism,1996,39.0,10
6406,Equestrianism,1996,40.0,16
6407,Equestrianism,1996,41.0,14
6408,Equestrianism,1996,42.0,10
6409,Equestrianism,1996,43.0,12
6410,Equestrianism,1996,44.0,3
6411,Equestrianism,1996,45.0,14
6412,Equestrianism,1996,46.0,4
6413,Equestrianism,1996,48.0,1
6414,Equestrianism,1996,49.0,4
6415,Equestrianism,1996,50.0,2
6416,Equestrianism,1996,51.0,2
6417,Equestrianism,1996,53.0,3
6418,Equestrianism,1996,54.0,2
6419,Equestrianism,1996,56.0,2
6420,Equestrianism,1996,58.0,2
6421,Equestrianism,1996,63.0,2
6422,Equestrianism,2000,20.0,2
6423,Equestrianism,2000,21.0,1
6424,Equestrianism,2000,22.0,3
6425,Equestrianism,2000,23.0,5
6426,Equestrianism,2000,24.0,12
6427,Equestrianism,2000,25.0,12
6428,Equestrianism,2000,26.0,7
6429,Equestrianism,2000,27.0,10
6430,Equestrianism,2000,28.0,7
6431,Equestrianism,2000,29.0,10
6432,Equestrianism,2000,30.0,9
6433,Equestrianism,2000,31.0,16
6434,Equestrianism,2000,32.0,10
6435,Equestrianism,2000,33.0,14
6436,Equestrianism,2000,34.0,13
6437,Equestrianism,2000,35.0,10
6438,Equestrianism,2000,36.0,14
6439,Equestrianism,2000,37.0,15
6440,Equestrianism,2000,38.0,13
6441,Equestrianism,2000,39.0,10
6442,Equestrianism,2000,40.0,12
6443,Equestrianism,2000,41.0,18
6444,Equestrianism,2000,42.0,18
6445,Equestrianism,2000,43.0,10
6446,Equestrianism,2000,44.0,15
6447,Equestrianism,2000,45.0,9
6448,Equestrianism,2000,46.0,7
6449,Equestrianism,2000,47.0,5
6450,Equestrianism,2000,49.0,2
6451,Equestrianism,2000,51.0,1
6452,Equestrianism,2000,53.0,4
6453,Equestrianism,2000,54.0,1
6454,Equestrianism,2004,18.0,2
6455,Equestrianism,2004,19.0,1
6456,Equestrianism,2004,20.0,5
6457,Equestrianism,2004,21.0,4
6458,Equestrianism,2004,22.0,8
6459,Equestrianism,2004,23.0,4
6460,Equestrianism,2004,24.0,14
6461,Equestrianism,2004,25.0,8
6462,Equestrianism,2004,26.0,10
6463,Equestrianism,2004,27.0,12
6464,Equestrianism,2004,28.0,14
6465,Equestrianism,2004,29.0,27
6466,Equestrianism,2004,30.0,20
6467,Equestrianism,2004,31.0,13
6468,Equestrianism,2004,32.0,14
6469,Equestrianism,2004,33.0,14
6470,Equestrianism,2004,34.0,12
6471,Equestrianism,2004,35.0,10
6472,Equestrianism,2004,36.0,14
6473,Equestrianism,2004,37.0,17
6474,Equestrianism,2004,38.0,13
6475,Equestrianism,2004,39.0,16
6476,Equestrianism,2004,40.0,14
6477,Equestrianism,2004,41.0,14
6478,Equestrianism,2004,42.0,10
6479,Equestrianism,2004,43.0,15
6480,Equestrianism,2004,44.0,10
6481,Equestrianism,2004,45.0,16
6482,Equestrianism,2004,46.0,6
6483,Equestrianism,2004,47.0,7
6484,Equestrianism,2004,48.0,8
6485,Equestrianism,2004,49.0,9
6486,Equestrianism,2004,50.0,2
6487,Equestrianism,2004,52.0,4
6488,Equestrianism,2004,55.0,3
6489,Equestrianism,2004,57.0,1
6490,Equestrianism,2008,16.0,1
6491,Equestrianism,2008,18.0,1
6492,Equestrianism,2008,19.0,2
6493,Equestrianism,2008,20.0,3
6494,Equestrianism,2008,21.0,2
6495,Equestrianism,2008,22.0,6
6496,Equestrianism,2008,23.0,6
6497,Equestrianism,2008,24.0,8
6498,Equestrianism,2008,25.0,9
6499,Equestrianism,2008,26.0,9
6500,Equestrianism,2008,27.0,3
6501,Equestrianism,2008,28.0,5
6502,Equestrianism,2008,29.0,9
6503,Equestrianism,2008,30.0,23
6504,Equestrianism,2008,31.0,8
6505,Equestrianism,2008,32.0,17
6506,Equestrianism,2008,33.0,20
6507,Equestrianism,2008,34.0,11
6508,Equestrianism,2008,35.0,14
6509,Equestrianism,2008,36.0,13
6510,Equestrianism,2008,37.0,13
6511,Equestrianism,2008,38.0,14
6512,Equestrianism,2008,39.0,14
6513,Equestrianism,2008,40.0,23
6514,Equestrianism,2008,41.0,8
6515,Equestrianism,2008,42.0,10
6516,Equestrianism,2008,43.0,6
6517,Equestrianism,2008,44.0,13
6518,Equestrianism,2008,45.0,11
6519,Equestrianism,2008,46.0,8
6520,Equestrianism,2008,47.0,9
6521,Equestrianism,2008,48.0,10
6522,Equestrianism,2008,49.0,4
6523,Equestrianism,2008,50.0,6
6524,Equestrianism,2008,51.0,3
6525,Equestrianism,2008,52.0,4
6526,Equestrianism,2008,53.0,3
6527,Equestrianism,2008,55.0,2
6528,Equestrianism,2008,56.0,1
6529,Equestrianism,2008,58.0,2
6530,Equestrianism,2008,60.0,2
6531,Equestrianism,2008,61.0,2
6532,Equestrianism,2008,67.0,2
6533,Equestrianism,2012,18.0,2
6534,Equestrianism,2012,19.0,3
6535,Equestrianism,2012,20.0,2
6536,Equestrianism,2012,21.0,2
6537,Equestrianism,2012,22.0,7
6538,Equestrianism,2012,23.0,2
6539,Equestrianism,2012,24.0,3
6540,Equestrianism,2012,25.0,4
6541,Equestrianism,2012,26.0,9
6542,Equestrianism,2012,27.0,19
6543,Equestrianism,2012,28.0,10
6544,Equestrianism,2012,29.0,8
6545,Equestrianism,2012,30.0,13
6546,Equestrianism,2012,31.0,23
6547,Equestrianism,2012,32.0,14
6548,Equestrianism,2012,33.0,14
6549,Equestrianism,2012,34.0,6
6550,Equestrianism,2012,35.0,12
6551,Equestrianism,2012,36.0,13
6552,Equestrianism,2012,37.0,13
6553,Equestrianism,2012,38.0,12
6554,Equestrianism,2012,39.0,9
6555,Equestrianism,2012,40.0,13
6556,Equestrianism,2012,41.0,13
6557,Equestrianism,2012,42.0,12
6558,Equestrianism,2012,43.0,14
6559,Equestrianism,2012,44.0,16
6560,Equestrianism,2012,45.0,6
6561,Equestrianism,2012,46.0,5
6562,Equestrianism,2012,47.0,4
6563,Equestrianism,2012,48.0,10
6564,Equestrianism,2012,49.0,11
6565,Equestrianism,2012,50.0,9
6566,Equestrianism,2012,51.0,7
6567,Equestrianism,2012,52.0,8
6568,Equestrianism,2012,53.0,6
6569,Equestrianism,2012,54.0,4
6570,Equestrianism,2012,56.0,5
6571,Equestrianism,2012,57.0,2
6572,Equestrianism,2012,58.0,2
6573,Equestrianism,2012,65.0,2
6574,Equestrianism,2012,71.0,1
6575,Equestrianism,2016,18.0,2
6576,Equestrianism,2016,19.0,1
6577,Equestrianism,2016,20.0,2
6578,Equestrianism,2016,21.0,5
6579,Equestrianism,2016,22.0,2
6580,Equestrianism,2016,23.0,5
6581,Equestrianism,2016,24.0,6
6582,Equestrianism,2016,25.0,4
6583,Equestrianism,2016,26.0,11
6584,Equestrianism,2016,27.0,10
6585,Equestrianism,2016,28.0,7
6586,Equestrianism,2016,29.0,22
6587,Equestrianism,2016,30.0,13
6588,Equestrianism,2016,31.0,14
6589,Equestrianism,2016,32.0,11
6590,Equestrianism,2016,33.0,14
6591,Equestrianism,2016,34.0,15
6592,Equestrianism,2016,35.0,19
6593,Equestrianism,2016,36.0,17
6594,Equestrianism,2016,37.0,15
6595,Equestrianism,2016,38.0,6
6596,Equestrianism,2016,39.0,7
6597,Equestrianism,2016,40.0,13
6598,Equestrianism,2016,41.0,12
6599,Equestrianism,2016,42.0,12
6600,Equestrianism,2016,43.0,17
6601,Equestrianism,2016,44.0,9
6602,Equestrianism,2016,45.0,6
6603,Equestrianism,2016,46.0,8
6604,Equestrianism,2016,47.0,16
6605,Equestrianism,2016,48.0,8
6606,Equestrianism,2016,49.0,4
6607,Equestrianism,2016,50.0,5
6608,Equestrianism,2016,51.0,9
6609,Equestrianism,2016,52.0,8
6610,Equestrianism,2016,53.0,3
6611,Equestrianism,2016,54.0,4
6612,Equestrianism,2016,56.0,2
6613,Equestrianism,2016,58.0,2
6614,Equestrianism,2016,60.0,6
6615,Equestrianism,2016,61.0,2
6616,Equestrianism,2016,62.0,1
